TOPIC,REGION,TAXON,PERIOD,CITATIONS,LSMEANS
ClimateTol,TEMP,AM,5,112,38.5552089900414
ClimateTol,TEMP,AM,6,10,23.3487689685008
ClimateTol,TEMP,AM,6,17,23.3487689685008
ClimateTol,TEMP,AM,6,17,23.3487689685008
ClimateTol,TEMP,AM,7,0,10.5427268894614
ClimateTol,TEMP,AM,7,2,10.5427268894614
ClimateTol,TEMP,AR,3,48,58.5954990935989
ClimateTol,TEMP,B,3,28,58.5954990935989
ClimateTol,TEMP,B,6,14,23.3487689685008
ClimateTol,TEMP,B,7,7,10.5427268894614
ClimateTol,TEMP,B,7,29,10.5427268894614
ClimateTol,TEMP,B,7,4,10.5427268894614
ClimateTol,TEMP,C,5,25,38.5552089900414
ClimateTol,TEMP,C,5,10,38.5552089900414
ClimateTol,TEMP,C,6,3,23.3487689685008
ClimateTol,TEMP,C,6,53,23.3487689685008
ClimateTol,TEMP,C,6,2,23.3487689685008
ClimateTol,TEMP,C,6,4,23.3487689685008
ClimateTol,TEMP,C,6,15,23.3487689685008
ClimateTol,TEMP,C,7,4,10.5427268894614
ClimateTol,TEMP,C,7,1,10.5427268894614
ClimateTol,TEMP,C,7,5,10.5427268894614
ClimateTol,TEMP,C,7,8,10.5427268894614
ClimateTol,TEMP,C,7,7,10.5427268894614
ClimateTol,TEMP,C,7,6,10.5427268894614
ClimateTol,TEMP,F,4,48,55.2165516418824
ClimateTol,TEMP,F,5,7,38.5552089900414
ClimateTol,TEMP,F,5,24,38.5552089900414
ClimateTol,TEMP,F,5,31,38.5552089900414
ClimateTol,TEMP,F,6,13,23.3487689685008
ClimateTol,TEMP,F,6,8,23.3487689685008
ClimateTol,TEMP,F,6,30,23.3487689685008
ClimateTol,TEMP,F,6,18,23.3487689685008
ClimateTol,TEMP,F,6,20,23.3487689685008
ClimateTol,TEMP,F,6,16,23.3487689685008
ClimateTol,TEMP,F,6,18,23.3487689685008
ClimateTol,TEMP,F,6,56,23.3487689685008
ClimateTol,TEMP,F,6,10,23.3487689685008
ClimateTol,TEMP,F,6,21,23.3487689685008
ClimateTol,TEMP,F,7,2,10.5427268894614
ClimateTol,TEMP,F,7,0,10.5427268894614
ClimateTol,TEMP,F,7,2,10.5427268894614
ClimateTol,TEMP,F,7,13,10.5427268894614
ClimateTol,TEMP,I,3,29,58.5954990935989
ClimateTol,TEMP,I,5,28,38.5552089900414
ClimateTol,TEMP,I,5,42,38.5552089900414
ClimateTol,TEMP,I,5,44,38.5552089900414
ClimateTol,TEMP,I,6,10,23.3487689685008
ClimateTol,TEMP,I,6,22,23.3487689685008
ClimateTol,TEMP,I,6,51,23.3487689685008
ClimateTol,TEMP,I,6,25,23.3487689685008
ClimateTol,TEMP,I,7,1,10.5427268894614
ClimateTol,TEMP,I,7,7,10.5427268894614
ClimateTol,TEMP,I,7,3,10.5427268894614
ClimateTol,TEMP,I,7,0,10.5427268894614
ClimateTol,TEMP,I,7,5,10.5427268894614
ClimateTol,TEMP,I,7,2,10.5427268894614
ClimateTol,TEMP,I,7,19,10.5427268894614
ClimateTol,TEMP,MA,2,21,62.4553764705245
ClimateTol,TEMP,MA,6,0,23.3487689685008
ClimateTol,TEMP,MA,6,32,23.3487689685008
ClimateTol,TEMP,MO,1,33,64.9925429838137
ClimateTol,TEMP,MO,5,90,38.5552089900414
ClimateTol,TEMP,MO,5,49,38.5552089900414
ClimateTol,TEMP,MO,6,15,23.3487689685008
ClimateTol,TEMP,MO,6,8,23.3487689685008
ClimateTol,TEMP,MO,6,28,23.3487689685008
ClimateTol,TEMP,MO,6,10,23.3487689685008
ClimateTol,TEMP,MO,7,0,10.5427268894614
ClimateTol,TEMP,MO,7,0,10.5427268894614
ClimateTol,TEMP,MO,7,0,10.5427268894614
ClimateTol,TEMP,MO,7,0,10.5427268894614
ClimateTol,TEMP,MO,7,5,10.5427268894614
ClimateTol,TEMP,MO,7,10,10.5427268894614
ClimateTol,TEMP,O,6,5,23.3487689685008
ClimateTol,TEMP,O,6,34,23.3487689685008
ClimateTol,TEMP,O,6,98,23.3487689685008
ClimateTol,TEMP,O,6,5,23.3487689685008
ClimateTol,TEMP,O,6,47,23.3487689685008
ClimateTol,TEMP,O,7,2,10.5427268894614
ClimateTol,TEMP,O,7,2,10.5427268894614
ClimateTol,TEMP,O,7,3,10.5427268894614
ClimateTol,TEMP,O,7,12,10.5427268894614
ClimateTol,TEMP,O,7,2,10.5427268894614
ClimateTol,TEMP,O,7,2,10.5427268894614
ClimateTol,TEMP,O,7,7,10.5427268894614
ClimateTol,TEMP,P,1,30,64.9925429838137
ClimateTol,TEMP,P,2,49,62.4553764705245
ClimateTol,TEMP,P,2,164,62.4553764705245
ClimateTol,TEMP,P,3,125,58.5954990935989
ClimateTol,TEMP,P,3,35,58.5954990935989
ClimateTol,TEMP,P,3,75,58.5954990935989
ClimateTol,TEMP,P,3,48,58.5954990935989
ClimateTol,TEMP,P,4,113,55.2165516418824
ClimateTol,TEMP,P,4,41,55.2165516418824
ClimateTol,TEMP,P,4,22,55.2165516418824
ClimateTol,TEMP,P,4,16,55.2165516418824
ClimateTol,TEMP,P,4,42,55.2165516418824
ClimateTol,TEMP,P,4,36,55.2165516418824
ClimateTol,TEMP,P,4,15,55.2165516418824
ClimateTol,TEMP,P,5,35,38.5552089900414
ClimateTol,TEMP,P,5,6,38.5552089900414
ClimateTol,TEMP,P,5,90,38.5552089900414
ClimateTol,TEMP,P,5,34,38.5552089900414
ClimateTol,TEMP,P,5,43,38.5552089900414
ClimateTol,TEMP,P,5,259,38.5552089900414
ClimateTol,TEMP,P,5,39,38.5552089900414
ClimateTol,TEMP,P,5,94,38.5552089900414
ClimateTol,TEMP,P,5,45,38.5552089900414
ClimateTol,TEMP,P,6,4,23.3487689685008
ClimateTol,TEMP,P,6,16,23.3487689685008
ClimateTol,TEMP,P,6,32,23.3487689685008
ClimateTol,TEMP,P,6,24,23.3487689685008
ClimateTol,TEMP,P,6,1,23.3487689685008
ClimateTol,TEMP,P,6,0,23.3487689685008
ClimateTol,TEMP,P,6,3,23.3487689685008
ClimateTol,TEMP,P,6,5,23.3487689685008
ClimateTol,TEMP,P,6,12,23.3487689685008
ClimateTol,TEMP,P,6,21,23.3487689685008
ClimateTol,TEMP,P,6,23,23.3487689685008
ClimateTol,TEMP,P,6,12,23.3487689685008
ClimateTol,TEMP,P,6,34,23.3487689685008
ClimateTol,TEMP,P,6,30,23.3487689685008
ClimateTol,TEMP,P,6,32,23.3487689685008
ClimateTol,TEMP,P,6,34,23.3487689685008
ClimateTol,TEMP,P,6,28,23.3487689685008
ClimateTol,TEMP,P,6,9,23.3487689685008
ClimateTol,TEMP,P,6,82,23.3487689685008
ClimateTol,TEMP,P,6,8,23.3487689685008
ClimateTol,TEMP,P,6,15,23.3487689685008
ClimateTol,TEMP,P,6,31,23.3487689685008
ClimateTol,TEMP,P,7,0,10.5427268894614
ClimateTol,TEMP,P,7,0,10.5427268894614
ClimateTol,TEMP,P,7,0,10.5427268894614
ClimateTol,TEMP,P,7,1,10.5427268894614
ClimateTol,TEMP,P,7,2,10.5427268894614
ClimateTol,TEMP,P,7,0,10.5427268894614
ClimateTol,TEMP,P,7,1,10.5427268894614
ClimateTol,TEMP,P,7,0,10.5427268894614
ClimateTol,TEMP,P,7,1,10.5427268894614
ClimateTol,TEMP,P,7,9,10.5427268894614
ClimateTol,TEMP,P,7,0,10.5427268894614
ClimateTol,TEMP,P,7,3,10.5427268894614
ClimateTol,TEMP,P,7,9,10.5427268894614
ClimateTol,TEMP,P,7,0,10.5427268894614
ClimateTol,TEMP,P,7,10,10.5427268894614
ClimateTol,TEMP,P,7,0,10.5427268894614
ClimateTol,TEMP,P,7,3,10.5427268894614
ClimateTol,TEMP,P,7,0,10.5427268894614
ClimateTol,TEMP,P,7,4,10.5427268894614
ClimateTol,TEMP,P,7,9,10.5427268894614
ClimateTol,TEMP,P,7,0,10.5427268894614
ClimateTol,TEMP,P,7,0,10.5427268894614
ClimateTol,TEMP,P,7,2,10.5427268894614
ClimateTol,TEMP,P,7,5,10.5427268894614
ClimateTol,TEMP,P,7,14,10.5427268894614
ClimateTol,TEMP,P,7,3,10.5427268894614
ClimateTol,TEMP,P,7,1,10.5427268894614
ClimateTol,TEMP,P,7,5,10.5427268894614
ClimateTol,TROP,AM,7,0,10.5427268894614
ClimateTol,TROP,AM,7,3,10.5427268894614
ClimateTol,TROP,C,4,22,55.2165516418824
ClimateTol,TROP,F,5,56,38.5552089900414
ClimateTol,TROP,F,5,117,38.5552089900414
ClimateTol,TROP,F,6,10,23.3487689685008
ClimateTol,TROP,F,7,2,10.5427268894614
ClimateTol,TROP,F,7,6,10.5427268894614
ClimateTol,TROP,F,7,8,10.5427268894614
ClimateTol,TROP,F,7,19,10.5427268894614
ClimateTol,TROP,F,7,5,10.5427268894614
ClimateTol,TROP,I,2,33,62.4553764705245
ClimateTol,TROP,I,6,17,23.3487689685008
ClimateTol,TROP,I,7,8,10.5427268894614
ClimateTol,TROP,I,7,13,10.5427268894614
ClimateTol,TROP,MO,6,50,23.3487689685008
ClimateTol,TROP,MO,6,11,23.3487689685008
ClimateTol,TROP,MO,6,15,23.3487689685008
ClimateTol,TROP,MO,7,5,10.5427268894614
ClimateTol,TROP,O,4,449,55.2165516418824
ClimateTol,TROP,O,5,96,38.5552089900414
ClimateTol,TROP,O,6,29,23.3487689685008
ClimateTol,TROP,O,6,13,23.3487689685008
ClimateTol,TROP,O,6,7,23.3487689685008
ClimateTol,TROP,O,7,5,10.5427268894614
ClimateTol,TROP,O,7,1,10.5427268894614
ClimateTol,TROP,O,7,7,10.5427268894614
ClimateTol,TROP,O,7,1,10.5427268894614
ClimateTol,TROP,P,4,55,55.2165516418824
ClimateTol,TROP,P,5,32,38.5552089900414
ClimateTol,TROP,P,5,54,38.5552089900414
ClimateTol,TROP,P,6,25,23.3487689685008
ClimateTol,TROP,P,6,5,23.3487689685008
ClimateTol,TROP,P,7,0,10.5427268894614
ClimateTol,TROP,P,7,1,10.5427268894614
ClimateTol,TROP,P,7,9,10.5427268894614
ClimateTol,TROP,P,7,10,10.5427268894614
ClimateTol,TROP,R,6,36,23.3487689685008
ClimateTol,TROP,R,6,12,23.3487689685008
ClimateTol,TROP,R,7,1,10.5427268894614
ClimateTol,TROP,R,7,6,10.5427268894614
Density.dependence,TEMP,AM,1,79,52.0146768239588
Density.dependence,TEMP,AM,2,103,49.4775103106695
Density.dependence,TEMP,AM,5,39,25.5773428301865
Density.dependence,TEMP,AM,6,13,10.3709028086459
Density.dependence,TEMP,AM,6,15,10.3709028086459
Density.dependence,TEMP,AR,6,40,10.3709028086459
Density.dependence,TEMP,B,1,97,52.0146768239588
Density.dependence,TEMP,B,1,36,52.0146768239588
Density.dependence,TEMP,B,2,18,49.4775103106695
Density.dependence,TEMP,B,2,18,49.4775103106695
Density.dependence,TEMP,B,3,84,45.617632933744
Density.dependence,TEMP,B,3,34,45.617632933744
Density.dependence,TEMP,B,4,9,42.2386854820275
Density.dependence,TEMP,B,4,78,42.2386854820275
Density.dependence,TEMP,B,4,81,42.2386854820275
Density.dependence,TEMP,B,4,19,42.2386854820275
Density.dependence,TEMP,B,4,59,42.2386854820275
Density.dependence,TEMP,B,5,7,25.5773428301865
Density.dependence,TEMP,B,5,7,25.5773428301865
Density.dependence,TEMP,B,5,16,25.5773428301865
Density.dependence,TEMP,B,5,19,25.5773428301865
Density.dependence,TEMP,B,5,5,25.5773428301865
Density.dependence,TEMP,B,6,7,10.3709028086459
Density.dependence,TEMP,B,6,24,10.3709028086459
Density.dependence,TEMP,B,6,16,10.3709028086459
Density.dependence,TEMP,B,6,13,10.3709028086459
Density.dependence,TEMP,B,7,0,-2.43513927039356
Density.dependence,TEMP,B,7,0,-2.43513927039356
Density.dependence,TEMP,B,7,2,-2.43513927039356
Density.dependence,TEMP,B,7,3,-2.43513927039356
Density.dependence,TEMP,B,7,13,-2.43513927039356
Density.dependence,TEMP,C,3,12,45.617632933744
Density.dependence,TEMP,C,4,48,42.2386854820275
Density.dependence,TEMP,C,5,34,25.5773428301865
Density.dependence,TEMP,F,2,57,49.4775103106695
Density.dependence,TEMP,F,2,68,49.4775103106695
Density.dependence,TEMP,F,3,47,45.617632933744
Density.dependence,TEMP,F,3,6,45.617632933744
Density.dependence,TEMP,F,4,33,42.2386854820275
Density.dependence,TEMP,F,4,10,42.2386854820275
Density.dependence,TEMP,F,4,13,42.2386854820275
Density.dependence,TEMP,F,4,12,42.2386854820275
Density.dependence,TEMP,F,4,10,42.2386854820275
Density.dependence,TEMP,F,4,44,42.2386854820275
Density.dependence,TEMP,F,4,69,42.2386854820275
Density.dependence,TEMP,F,5,46,25.5773428301865
Density.dependence,TEMP,F,5,12,25.5773428301865
Density.dependence,TEMP,F,5,0,25.5773428301865
Density.dependence,TEMP,F,5,6,25.5773428301865
Density.dependence,TEMP,F,5,19,25.5773428301865
Density.dependence,TEMP,F,5,12,25.5773428301865
Density.dependence,TEMP,F,5,10,25.5773428301865
Density.dependence,TEMP,F,5,27,25.5773428301865
Density.dependence,TEMP,F,5,283,25.5773428301865
Density.dependence,TEMP,F,6,1,10.3709028086459
Density.dependence,TEMP,F,6,22,10.3709028086459
Density.dependence,TEMP,F,6,2,10.3709028086459
Density.dependence,TEMP,F,6,12,10.3709028086459
Density.dependence,TEMP,F,6,11,10.3709028086459
Density.dependence,TEMP,F,6,8,10.3709028086459
Density.dependence,TEMP,F,7,0,-2.43513927039356
Density.dependence,TEMP,F,7,1,-2.43513927039356
Density.dependence,TEMP,F,7,3,-2.43513927039356
Density.dependence,TEMP,F,7,1,-2.43513927039356
Density.dependence,TEMP,F,7,4,-2.43513927039356
Density.dependence,TEMP,F,7,6,-2.43513927039356
Density.dependence,TEMP,I,1,9,52.0146768239588
Density.dependence,TEMP,I,1,0,52.0146768239588
Density.dependence,TEMP,I,1,28,52.0146768239588
Density.dependence,TEMP,I,2,33,49.4775103106695
Density.dependence,TEMP,I,3,23,45.617632933744
Density.dependence,TEMP,I,3,13,45.617632933744
Density.dependence,TEMP,I,3,37,45.617632933744
Density.dependence,TEMP,I,3,35,45.617632933744
Density.dependence,TEMP,I,3,21,45.617632933744
Density.dependence,TEMP,I,3,6,45.617632933744
Density.dependence,TEMP,I,4,2,42.2386854820275
Density.dependence,TEMP,I,4,27,42.2386854820275
Density.dependence,TEMP,I,5,11,25.5773428301865
Density.dependence,TEMP,I,6,3,10.3709028086459
Density.dependence,TEMP,I,6,10,10.3709028086459
Density.dependence,TEMP,I,6,6,10.3709028086459
Density.dependence,TEMP,I,6,5,10.3709028086459
Density.dependence,TEMP,I,7,5,-2.43513927039356
Density.dependence,TEMP,I,7,1,-2.43513927039356
Density.dependence,TEMP,MA,1,24,52.0146768239588
Density.dependence,TEMP,MA,1,9,52.0146768239588
Density.dependence,TEMP,MA,1,202,52.0146768239588
Density.dependence,TEMP,MA,2,29,49.4775103106695
Density.dependence,TEMP,MA,2,42,49.4775103106695
Density.dependence,TEMP,MA,2,79,49.4775103106695
Density.dependence,TEMP,MA,2,169,49.4775103106695
Density.dependence,TEMP,MA,2,3,49.4775103106695
Density.dependence,TEMP,MA,2,74,49.4775103106695
Density.dependence,TEMP,MA,2,58,49.4775103106695
Density.dependence,TEMP,MA,2,83,49.4775103106695
Density.dependence,TEMP,MA,2,6,49.4775103106695
Density.dependence,TEMP,MA,3,39,45.617632933744
Density.dependence,TEMP,MA,3,21,45.617632933744
Density.dependence,TEMP,MA,3,23,45.617632933744
Density.dependence,TEMP,MA,3,23,45.617632933744
Density.dependence,TEMP,MA,3,36,45.617632933744
Density.dependence,TEMP,MA,3,57,45.617632933744
Density.dependence,TEMP,MA,4,29,42.2386854820275
Density.dependence,TEMP,MA,4,44,42.2386854820275
Density.dependence,TEMP,MA,4,100,42.2386854820275
Density.dependence,TEMP,MA,4,19,42.2386854820275
Density.dependence,TEMP,MA,4,71,42.2386854820275
Density.dependence,TEMP,MA,4,5,42.2386854820275
Density.dependence,TEMP,MA,4,2,42.2386854820275
Density.dependence,TEMP,MA,4,37,42.2386854820275
Density.dependence,TEMP,MA,5,15,25.5773428301865
Density.dependence,TEMP,MA,5,16,25.5773428301865
Density.dependence,TEMP,MA,5,22,25.5773428301865
Density.dependence,TEMP,MA,5,8,25.5773428301865
Density.dependence,TEMP,MA,5,47,25.5773428301865
Density.dependence,TEMP,MA,5,16,25.5773428301865
Density.dependence,TEMP,MA,5,26,25.5773428301865
Density.dependence,TEMP,MA,6,4,10.3709028086459
Density.dependence,TEMP,MA,6,6,10.3709028086459
Density.dependence,TEMP,MA,6,9,10.3709028086459
Density.dependence,TEMP,MA,6,16,10.3709028086459
Density.dependence,TEMP,MA,6,6,10.3709028086459
Density.dependence,TEMP,MA,6,6,10.3709028086459
Density.dependence,TEMP,MA,6,4,10.3709028086459
Density.dependence,TEMP,MA,6,6,10.3709028086459
Density.dependence,TEMP,MA,7,0,-2.43513927039356
Density.dependence,TEMP,MA,7,6,-2.43513927039356
Density.dependence,TEMP,MA,7,4,-2.43513927039356
Density.dependence,TEMP,MA,7,13,-2.43513927039356
Density.dependence,TEMP,MO,3,48,45.617632933744
Density.dependence,TEMP,MO,4,15,42.2386854820275
Density.dependence,TEMP,MO,5,52,25.5773428301865
Density.dependence,TEMP,MU,4,108,42.2386854820275
Density.dependence,TEMP,O,1,23,52.0146768239588
Density.dependence,TEMP,O,2,19,49.4775103106695
Density.dependence,TEMP,O,4,23,42.2386854820275
Density.dependence,TEMP,O,5,26,25.5773428301865
Density.dependence,TEMP,O,6,8,10.3709028086459
Density.dependence,TEMP,O,7,0,-2.43513927039356
Density.dependence,TEMP,O,7,2,-2.43513927039356
Density.dependence,TEMP,O,7,4,-2.43513927039356
Density.dependence,TEMP,P,1,24,52.0146768239588
Density.dependence,TEMP,P,1,14,52.0146768239588
Density.dependence,TEMP,P,3,34,45.617632933744
Density.dependence,TEMP,P,3,4,45.617632933744
Density.dependence,TEMP,P,4,48,42.2386854820275
Density.dependence,TEMP,P,4,20,42.2386854820275
Density.dependence,TEMP,P,4,28,42.2386854820275
Density.dependence,TEMP,P,4,17,42.2386854820275
Density.dependence,TEMP,P,5,53,25.5773428301865
Density.dependence,TEMP,P,5,69,25.5773428301865
Density.dependence,TEMP,P,5,20,25.5773428301865
Density.dependence,TEMP,P,5,37,25.5773428301865
Density.dependence,TEMP,P,5,5,25.5773428301865
Density.dependence,TEMP,P,6,22,10.3709028086459
Density.dependence,TEMP,P,6,21,10.3709028086459
Density.dependence,TEMP,P,6,17,10.3709028086459
Density.dependence,TEMP,P,6,14,10.3709028086459
Density.dependence,TEMP,P,7,2,-2.43513927039356
Density.dependence,TEMP,P,7,1,-2.43513927039356
Density.dependence,TEMP,P,7,1,-2.43513927039356
Density.dependence,TEMP,P,7,0,-2.43513927039356
Density.dependence,TEMP,P,7,6,-2.43513927039356
Density.dependence,TEMP,P,7,5,-2.43513927039356
Density.dependence,TEMP,P,7,11,-2.43513927039356
Density.dependence,TROP,AM,6,9,10.3709028086459
Density.dependence,TROP,C,4,28,42.2386854820275
Density.dependence,TROP,F,2,120,49.4775103106695
Density.dependence,TROP,F,3,79,45.617632933744
Density.dependence,TROP,F,3,58,45.617632933744
Density.dependence,TROP,F,3,12,45.617632933744
Density.dependence,TROP,F,4,103,42.2386854820275
Density.dependence,TROP,F,4,91,42.2386854820275
Density.dependence,TROP,F,5,33,25.5773428301865
Density.dependence,TROP,F,6,25,10.3709028086459
Density.dependence,TROP,F,6,11,10.3709028086459
Density.dependence,TROP,F,6,6,10.3709028086459
Density.dependence,TROP,F,7,1,-2.43513927039356
Density.dependence,TROP,I,2,1,49.4775103106695
Density.dependence,TROP,I,6,18,10.3709028086459
Density.dependence,TROP,MA,2,46,49.4775103106695
Density.dependence,TROP,MA,3,15,45.617632933744
Density.dependence,TROP,MA,3,65,45.617632933744
Density.dependence,TROP,MA,3,62,45.617632933744
Density.dependence,TROP,O,2,40,49.4775103106695
Density.dependence,TROP,O,6,2,10.3709028086459
Density.dependence,TROP,P,3,9,45.617632933744
Density.dependence,TROP,P,5,5,25.5773428301865
Density.dependence,TROP,P,5,22,25.5773428301865
Density.dependence,TROP,P,5,80,25.5773428301865
Density.dependence,TROP,P,5,27,25.5773428301865
Density.dependence,TROP,P,5,8,25.5773428301865
Density.dependence,TROP,P,6,6,10.3709028086459
Density.dependence,TROP,P,6,8,10.3709028086459
Density.dependence,TROP,P,6,9,10.3709028086459
Density.dependence,TROP,P,6,5,10.3709028086459
Density.dependence,TROP,P,7,6,-2.43513927039356
Density.dependence,TROP,P,7,21,-2.43513927039356
Density.dependence,TROP,R,5,29,25.5773428301865
INTCOMP,TEMP,AM,5,40,18.7263465228093
INTCOMP,TEMP,AM,6,4,3.5199065012686
INTCOMP,TEMP,AM,7,0,-9.28613557777081
INTCOMP,TEMP,AM,7,9,-9.28613557777081
INTCOMP,TEMP,B,1,21,45.1636805165816
INTCOMP,TEMP,B,1,6,45.1636805165816
INTCOMP,TEMP,B,2,5,42.6265140032923
INTCOMP,TEMP,B,3,31,38.7666366263667
INTCOMP,TEMP,B,3,3,38.7666366263667
INTCOMP,TEMP,B,4,37,35.3876891746503
INTCOMP,TEMP,B,6,5,3.5199065012686
INTCOMP,TEMP,B,6,8,3.5199065012686
INTCOMP,TEMP,B,7,0,-9.28613557777081
INTCOMP,TEMP,B,7,5,-9.28613557777081
INTCOMP,TEMP,B,7,12,-9.28613557777081
INTCOMP,TEMP,C,4,16,35.3876891746503
INTCOMP,TEMP,C,4,11,35.3876891746503
INTCOMP,TEMP,C,5,28,18.7263465228093
INTCOMP,TEMP,C,6,4,3.5199065012686
INTCOMP,TEMP,F,1,12,45.1636805165816
INTCOMP,TEMP,F,1,56,45.1636805165816
INTCOMP,TEMP,F,2,31,42.6265140032923
INTCOMP,TEMP,F,3,48,38.7666366263667
INTCOMP,TEMP,F,3,4,38.7666366263667
INTCOMP,TEMP,F,3,85,38.7666366263667
INTCOMP,TEMP,F,3,0,38.7666366263667
INTCOMP,TEMP,F,3,75,38.7666366263667
INTCOMP,TEMP,F,3,17,38.7666366263667
INTCOMP,TEMP,F,4,8,35.3876891746503
INTCOMP,TEMP,F,4,16,35.3876891746503
INTCOMP,TEMP,F,4,126,35.3876891746503
INTCOMP,TEMP,F,4,5,35.3876891746503
INTCOMP,TEMP,F,4,25,35.3876891746503
INTCOMP,TEMP,F,4,23,35.3876891746503
INTCOMP,TEMP,F,5,134,18.7263465228093
INTCOMP,TEMP,F,5,22,18.7263465228093
INTCOMP,TEMP,F,5,19,18.7263465228093
INTCOMP,TEMP,F,5,21,18.7263465228093
INTCOMP,TEMP,F,5,5,18.7263465228093
INTCOMP,TEMP,F,6,0,3.5199065012686
INTCOMP,TEMP,F,6,5,3.5199065012686
INTCOMP,TEMP,F,6,11,3.5199065012686
INTCOMP,TEMP,F,7,0,-9.28613557777081
INTCOMP,TEMP,F,7,0,-9.28613557777081
INTCOMP,TEMP,F,7,1,-9.28613557777081
INTCOMP,TEMP,I,1,45,45.1636805165816
INTCOMP,TEMP,I,1,22,45.1636805165816
INTCOMP,TEMP,I,1,27,45.1636805165816
INTCOMP,TEMP,I,2,29,42.6265140032923
INTCOMP,TEMP,I,3,41,38.7666366263667
INTCOMP,TEMP,I,4,54,35.3876891746503
INTCOMP,TEMP,I,4,15,35.3876891746503
INTCOMP,TEMP,I,5,33,18.7263465228093
INTCOMP,TEMP,I,5,5,18.7263465228093
INTCOMP,TEMP,I,6,27,3.5199065012686
INTCOMP,TEMP,I,6,15,3.5199065012686
INTCOMP,TEMP,MA,1,19,45.1636805165816
INTCOMP,TEMP,MA,1,66,45.1636805165816
INTCOMP,TEMP,MA,1,43,45.1636805165816
INTCOMP,TEMP,MA,1,17,45.1636805165816
INTCOMP,TEMP,MA,2,38,42.6265140032923
INTCOMP,TEMP,MA,2,62,42.6265140032923
INTCOMP,TEMP,MA,2,13,42.6265140032923
INTCOMP,TEMP,MA,2,24,42.6265140032923
INTCOMP,TEMP,MA,2,6,42.6265140032923
INTCOMP,TEMP,MA,3,38,38.7666366263667
INTCOMP,TEMP,MA,3,19,38.7666366263667
INTCOMP,TEMP,MA,3,15,38.7666366263667
INTCOMP,TEMP,MA,4,12,35.3876891746503
INTCOMP,TEMP,MA,4,42,35.3876891746503
INTCOMP,TEMP,MA,5,4,18.7263465228093
INTCOMP,TEMP,MA,5,12,18.7263465228093
INTCOMP,TEMP,MA,5,1,18.7263465228093
INTCOMP,TEMP,MA,5,13,18.7263465228093
INTCOMP,TEMP,MA,5,13,18.7263465228093
INTCOMP,TEMP,MA,5,14,18.7263465228093
INTCOMP,TEMP,MA,6,13,3.5199065012686
INTCOMP,TEMP,MA,7,2,-9.28613557777081
INTCOMP,TEMP,MA,7,5,-9.28613557777081
INTCOMP,TEMP,MA,7,0,-9.28613557777081
INTCOMP,TEMP,MA,7,10,-9.28613557777081
INTCOMP,TEMP,MA,7,5,-9.28613557777081
INTCOMP,TEMP,MO,1,6,45.1636805165816
INTCOMP,TEMP,MO,2,35,42.6265140032923
INTCOMP,TEMP,MO,2,22,42.6265140032923
INTCOMP,TEMP,MO,3,96,38.7666366263667
INTCOMP,TEMP,MO,3,40,38.7666366263667
INTCOMP,TEMP,MU,1,5,45.1636805165816
INTCOMP,TEMP,MU,5,14,18.7263465228093
INTCOMP,TEMP,MU,6,2,3.5199065012686
INTCOMP,TEMP,MU,6,18,3.5199065012686
INTCOMP,TEMP,MU,7,0,-9.28613557777081
INTCOMP,TEMP,MU,7,2,-9.28613557777081
INTCOMP,TEMP,O,1,8,45.1636805165816
INTCOMP,TEMP,O,2,136,42.6265140032923
INTCOMP,TEMP,O,3,7,38.7666366263667
INTCOMP,TEMP,O,4,10,35.3876891746503
INTCOMP,TEMP,O,4,12,35.3876891746503
INTCOMP,TEMP,O,5,15,18.7263465228093
INTCOMP,TEMP,O,5,17,18.7263465228093
INTCOMP,TEMP,O,5,7,18.7263465228093
INTCOMP,TEMP,O,5,16,18.7263465228093
INTCOMP,TEMP,O,5,5,18.7263465228093
INTCOMP,TEMP,O,6,54,3.5199065012686
INTCOMP,TEMP,O,6,28,3.5199065012686
INTCOMP,TEMP,O,6,6,3.5199065012686
INTCOMP,TEMP,O,7,5,-9.28613557777081
INTCOMP,TEMP,P,1,6,45.1636805165816
INTCOMP,TEMP,P,1,26,45.1636805165816
INTCOMP,TEMP,P,1,57,45.1636805165816
INTCOMP,TEMP,P,2,33,42.6265140032923
INTCOMP,TEMP,P,2,13,42.6265140032923
INTCOMP,TEMP,P,2,35,42.6265140032923
INTCOMP,TEMP,P,2,3,42.6265140032923
INTCOMP,TEMP,P,2,36,42.6265140032923
INTCOMP,TEMP,P,2,33,42.6265140032923
INTCOMP,TEMP,P,2,91,42.6265140032923
INTCOMP,TEMP,P,2,41,42.6265140032923
INTCOMP,TEMP,P,3,26,38.7666366263667
INTCOMP,TEMP,P,3,34,38.7666366263667
INTCOMP,TEMP,P,3,19,38.7666366263667
INTCOMP,TEMP,P,3,197,38.7666366263667
INTCOMP,TEMP,P,3,65,38.7666366263667
INTCOMP,TEMP,P,3,21,38.7666366263667
INTCOMP,TEMP,P,4,52,35.3876891746503
INTCOMP,TEMP,P,4,5,35.3876891746503
INTCOMP,TEMP,P,4,9,35.3876891746503
INTCOMP,TEMP,P,4,2,35.3876891746503
INTCOMP,TEMP,P,4,10,35.3876891746503
INTCOMP,TEMP,P,4,32,35.3876891746503
INTCOMP,TEMP,P,4,12,35.3876891746503
INTCOMP,TEMP,P,4,22,35.3876891746503
INTCOMP,TEMP,P,4,58,35.3876891746503
INTCOMP,TEMP,P,4,26,35.3876891746503
INTCOMP,TEMP,P,5,22,18.7263465228093
INTCOMP,TEMP,P,5,4,18.7263465228093
INTCOMP,TEMP,P,5,37,18.7263465228093
INTCOMP,TEMP,P,5,1,18.7263465228093
INTCOMP,TEMP,P,5,69,18.7263465228093
INTCOMP,TEMP,P,5,12,18.7263465228093
INTCOMP,TEMP,P,5,41,18.7263465228093
INTCOMP,TEMP,P,6,2,3.5199065012686
INTCOMP,TEMP,P,6,8,3.5199065012686
INTCOMP,TEMP,P,6,14,3.5199065012686
INTCOMP,TEMP,P,6,5,3.5199065012686
INTCOMP,TEMP,P,6,8,3.5199065012686
INTCOMP,TEMP,P,6,15,3.5199065012686
INTCOMP,TEMP,P,6,24,3.5199065012686
INTCOMP,TEMP,P,6,2,3.5199065012686
INTCOMP,TEMP,P,6,4,3.5199065012686
INTCOMP,TEMP,P,6,1,3.5199065012686
INTCOMP,TEMP,P,6,5,3.5199065012686
INTCOMP,TEMP,P,7,1,-9.28613557777081
INTCOMP,TEMP,P,7,3,-9.28613557777081
INTCOMP,TEMP,P,7,1,-9.28613557777081
INTCOMP,TEMP,P,7,0,-9.28613557777081
INTCOMP,TEMP,R,6,0,3.5199065012686
INTCOMP,TEMP,R,7,4,-9.28613557777081
INTCOMP,TROP,AM,1,10,45.1636805165816
INTCOMP,TROP,AM,5,61,18.7263465228093
INTCOMP,TROP,AM,6,7,3.5199065012686
INTCOMP,TROP,B,1,14,45.1636805165816
INTCOMP,TROP,B,2,6,42.6265140032923
INTCOMP,TROP,B,6,16,3.5199065012686
INTCOMP,TROP,B,6,1,3.5199065012686
INTCOMP,TROP,B,7,3,-9.28613557777081
INTCOMP,TROP,B,7,13,-9.28613557777081
INTCOMP,TROP,B,7,5,-9.28613557777081
INTCOMP,TROP,C,3,7,38.7666366263667
INTCOMP,TROP,F,5,42,18.7263465228093
INTCOMP,TROP,F,5,15,18.7263465228093
INTCOMP,TROP,F,6,12,3.5199065012686
INTCOMP,TROP,F,6,1,3.5199065012686
INTCOMP,TROP,F,6,23,3.5199065012686
INTCOMP,TROP,F,6,12,3.5199065012686
INTCOMP,TROP,F,6,22,3.5199065012686
INTCOMP,TROP,F,7,2,-9.28613557777081
INTCOMP,TROP,F,7,2,-9.28613557777081
INTCOMP,TROP,F,7,2,-9.28613557777081
INTCOMP,TROP,F,7,6,-9.28613557777081
INTCOMP,TROP,I,1,69,45.1636805165816
INTCOMP,TROP,I,3,30,38.7666366263667
INTCOMP,TROP,I,3,87,38.7666366263667
INTCOMP,TROP,MA,1,2,45.1636805165816
INTCOMP,TROP,MA,2,34,42.6265140032923
INTCOMP,TROP,MA,3,13,38.7666366263667
INTCOMP,TROP,MA,4,6,35.3876891746503
INTCOMP,TROP,MA,5,12,18.7263465228093
INTCOMP,TROP,MA,5,6,18.7263465228093
INTCOMP,TROP,MA,7,1,-9.28613557777081
INTCOMP,TROP,MO,5,6,18.7263465228093
INTCOMP,TROP,MU,6,13,3.5199065012686
INTCOMP,TROP,MU,7,4,-9.28613557777081
INTCOMP,TROP,O,1,40,45.1636805165816
INTCOMP,TROP,O,2,39,42.6265140032923
INTCOMP,TROP,P,4,22,35.3876891746503
INTCOMP,TROP,P,6,40,3.5199065012686
INTCOMP,TROP,P,6,5,3.5199065012686
INTCOMP,TROP,R,4,11,35.3876891746503
INTCOMP,TROP,R,5,54,18.7263465228093
MIMICRY,TEMP,AR,3,24,43.6184069895868
MIMICRY,TEMP,AR,4,5,40.2394595378704
MIMICRY,TEMP,AR,6,24,8.37167686448872
MIMICRY,TEMP,AR,7,1,-4.43436521455069
MIMICRY,TEMP,B,1,52,50.0154508798017
MIMICRY,TEMP,B,1,74,50.0154508798017
MIMICRY,TEMP,B,3,19,43.6184069895868
MIMICRY,TEMP,B,3,40,43.6184069895868
MIMICRY,TEMP,B,4,36,40.2394595378704
MIMICRY,TEMP,B,4,26,40.2394595378704
MIMICRY,TEMP,B,4,41,40.2394595378704
MIMICRY,TEMP,B,4,49,40.2394595378704
MIMICRY,TEMP,B,4,31,40.2394595378704
MIMICRY,TEMP,B,5,21,23.5781168860294
MIMICRY,TEMP,B,5,52,23.5781168860294
MIMICRY,TEMP,B,5,18,23.5781168860294
MIMICRY,TEMP,B,5,59,23.5781168860294
MIMICRY,TEMP,B,5,70,23.5781168860294
MIMICRY,TEMP,B,5,7,23.5781168860294
MIMICRY,TEMP,B,5,109,23.5781168860294
MIMICRY,TEMP,B,6,6,8.37167686448872
MIMICRY,TEMP,B,6,15,8.37167686448872
MIMICRY,TEMP,B,6,40,8.37167686448872
MIMICRY,TEMP,B,6,26,8.37167686448872
MIMICRY,TEMP,B,6,8,8.37167686448872
MIMICRY,TEMP,B,6,8,8.37167686448872
MIMICRY,TEMP,B,6,15,8.37167686448872
MIMICRY,TEMP,B,7,2,-4.43436521455069
MIMICRY,TEMP,B,7,4,-4.43436521455069
MIMICRY,TEMP,B,7,4,-4.43436521455069
MIMICRY,TEMP,B,7,2,-4.43436521455069
MIMICRY,TEMP,B,7,5,-4.43436521455069
MIMICRY,TEMP,B,7,0,-4.43436521455069
MIMICRY,TEMP,B,7,2,-4.43436521455069
MIMICRY,TEMP,B,7,1,-4.43436521455069
MIMICRY,TEMP,C,2,26,47.4782843665124
MIMICRY,TEMP,F,4,5,40.2394595378704
MIMICRY,TEMP,F,6,1,8.37167686448872
MIMICRY,TEMP,I,1,25,50.0154508798017
MIMICRY,TEMP,I,2,7,47.4782843665124
MIMICRY,TEMP,I,2,35,47.4782843665124
MIMICRY,TEMP,I,2,46,47.4782843665124
MIMICRY,TEMP,I,3,44,43.6184069895868
MIMICRY,TEMP,I,3,18,43.6184069895868
MIMICRY,TEMP,I,3,27,43.6184069895868
MIMICRY,TEMP,I,3,74,43.6184069895868
MIMICRY,TEMP,I,3,29,43.6184069895868
MIMICRY,TEMP,I,4,56,40.2394595378704
MIMICRY,TEMP,I,4,26,40.2394595378704
MIMICRY,TEMP,I,4,14,40.2394595378704
MIMICRY,TEMP,I,4,19,40.2394595378704
MIMICRY,TEMP,I,4,11,40.2394595378704
MIMICRY,TEMP,I,5,31,23.5781168860294
MIMICRY,TEMP,I,5,11,23.5781168860294
MIMICRY,TEMP,I,5,30,23.5781168860294
MIMICRY,TEMP,I,5,10,23.5781168860294
MIMICRY,TEMP,I,5,3,23.5781168860294
MIMICRY,TEMP,I,5,51,23.5781168860294
MIMICRY,TEMP,I,5,13,23.5781168860294
MIMICRY,TEMP,I,5,31,23.5781168860294
MIMICRY,TEMP,I,6,40,8.37167686448872
MIMICRY,TEMP,I,6,5,8.37167686448872
MIMICRY,TEMP,I,6,4,8.37167686448872
MIMICRY,TEMP,I,6,5,8.37167686448872
MIMICRY,TEMP,I,6,2,8.37167686448872
MIMICRY,TEMP,I,6,10,8.37167686448872
MIMICRY,TEMP,I,6,4,8.37167686448872
MIMICRY,TEMP,I,6,7,8.37167686448872
MIMICRY,TEMP,I,6,11,8.37167686448872
MIMICRY,TEMP,I,6,11,8.37167686448872
MIMICRY,TEMP,I,7,9,-4.43436521455069
MIMICRY,TEMP,I,7,14,-4.43436521455069
MIMICRY,TEMP,I,7,1,-4.43436521455069
MIMICRY,TEMP,I,7,0,-4.43436521455069
MIMICRY,TEMP,I,7,2,-4.43436521455069
MIMICRY,TEMP,I,7,0,-4.43436521455069
MIMICRY,TEMP,MO,1,28,50.0154508798017
MIMICRY,TEMP,P,1,17,50.0154508798017
MIMICRY,TEMP,P,2,79,47.4782843665124
MIMICRY,TEMP,P,3,54,43.6184069895868
MIMICRY,TEMP,P,4,19,40.2394595378704
MIMICRY,TEMP,P,4,75,40.2394595378704
MIMICRY,TEMP,P,5,45,23.5781168860294
MIMICRY,TEMP,P,5,6,23.5781168860294
MIMICRY,TEMP,P,5,39,23.5781168860294
MIMICRY,TEMP,P,5,23,23.5781168860294
MIMICRY,TEMP,P,6,1,8.37167686448872
MIMICRY,TEMP,P,6,11,8.37167686448872
MIMICRY,TEMP,P,6,18,8.37167686448872
MIMICRY,TEMP,P,6,33,8.37167686448872
MIMICRY,TEMP,P,6,20,8.37167686448872
MIMICRY,TEMP,P,7,8,-4.43436521455069
MIMICRY,TEMP,P,7,1,-4.43436521455069
MIMICRY,TEMP,P,7,0,-4.43436521455069
MIMICRY,TEMP,P,7,0,-4.43436521455069
MIMICRY,TEMP,R,3,29,43.6184069895868
MIMICRY,TEMP,R,5,21,23.5781168860294
MIMICRY,TEMP,R,6,3,8.37167686448872
MIMICRY,TEMP,R,7,4,-4.43436521455069
MIMICRY,TEMP,R,7,3,-4.43436521455069
MIMICRY,TEMP,R,7,0,-4.43436521455069
MIMICRY,TROP,AM,6,18,8.37167686448872
MIMICRY,TROP,AM,7,6,-4.43436521455069
MIMICRY,TROP,AM,7,1,-4.43436521455069
MIMICRY,TROP,AM,7,0,-4.43436521455069
MIMICRY,TROP,AR,1,14,50.0154508798017
MIMICRY,TROP,AR,1,13,50.0154508798017
MIMICRY,TROP,AR,3,41,43.6184069895868
MIMICRY,TROP,AR,4,13,40.2394595378704
MIMICRY,TROP,AR,4,22,40.2394595378704
MIMICRY,TROP,AR,5,28,23.5781168860294
MIMICRY,TROP,AR,5,20,23.5781168860294
MIMICRY,TROP,AR,5,1,23.5781168860294
MIMICRY,TROP,AR,5,19,23.5781168860294
MIMICRY,TROP,AR,7,5,-4.43436521455069
MIMICRY,TROP,B,3,17,43.6184069895868
MIMICRY,TROP,B,4,25,40.2394595378704
MIMICRY,TROP,B,5,30,23.5781168860294
MIMICRY,TROP,B,6,61,8.37167686448872
MIMICRY,TROP,B,6,24,8.37167686448872
MIMICRY,TROP,B,7,6,-4.43436521455069
MIMICRY,TROP,F,4,25,40.2394595378704
MIMICRY,TROP,F,4,24,40.2394595378704
MIMICRY,TROP,F,4,20,40.2394595378704
MIMICRY,TROP,F,5,9,23.5781168860294
MIMICRY,TROP,F,5,25,23.5781168860294
MIMICRY,TROP,F,5,6,23.5781168860294
MIMICRY,TROP,F,5,4,23.5781168860294
MIMICRY,TROP,F,5,17,23.5781168860294
MIMICRY,TROP,F,6,7,8.37167686448872
MIMICRY,TROP,F,6,4,8.37167686448872
MIMICRY,TROP,F,7,4,-4.43436521455069
MIMICRY,TROP,F,7,4,-4.43436521455069
MIMICRY,TROP,F,7,0,-4.43436521455069
MIMICRY,TROP,I,1,6,50.0154508798017
MIMICRY,TROP,I,1,105,50.0154508798017
MIMICRY,TROP,I,1,27,50.0154508798017
MIMICRY,TROP,I,2,155,47.4782843665124
MIMICRY,TROP,I,2,54,47.4782843665124
MIMICRY,TROP,I,2,34,47.4782843665124
MIMICRY,TROP,I,2,21,47.4782843665124
MIMICRY,TROP,I,2,18,47.4782843665124
MIMICRY,TROP,I,2,68,47.4782843665124
MIMICRY,TROP,I,2,8,47.4782843665124
MIMICRY,TROP,I,2,32,47.4782843665124
MIMICRY,TROP,I,2,22,47.4782843665124
MIMICRY,TROP,I,3,79,43.6184069895868
MIMICRY,TROP,I,3,21,43.6184069895868
MIMICRY,TROP,I,3,8,43.6184069895868
MIMICRY,TROP,I,3,37,43.6184069895868
MIMICRY,TROP,I,3,16,43.6184069895868
MIMICRY,TROP,I,3,112,43.6184069895868
MIMICRY,TROP,I,3,13,43.6184069895868
MIMICRY,TROP,I,4,16,40.2394595378704
MIMICRY,TROP,I,4,40,40.2394595378704
MIMICRY,TROP,I,4,35,40.2394595378704
MIMICRY,TROP,I,4,24,40.2394595378704
MIMICRY,TROP,I,4,4,40.2394595378704
MIMICRY,TROP,I,4,45,40.2394595378704
MIMICRY,TROP,I,4,86,40.2394595378704
MIMICRY,TROP,I,4,141,40.2394595378704
MIMICRY,TROP,I,5,42,23.5781168860294
MIMICRY,TROP,I,5,13,23.5781168860294
MIMICRY,TROP,I,5,29,23.5781168860294
MIMICRY,TROP,I,5,28,23.5781168860294
MIMICRY,TROP,I,5,23,23.5781168860294
MIMICRY,TROP,I,5,13,23.5781168860294
MIMICRY,TROP,I,5,15,23.5781168860294
MIMICRY,TROP,I,5,27,23.5781168860294
MIMICRY,TROP,I,5,47,23.5781168860294
MIMICRY,TROP,I,6,2,8.37167686448872
MIMICRY,TROP,I,6,9,8.37167686448872
MIMICRY,TROP,I,6,7,8.37167686448872
MIMICRY,TROP,I,6,0,8.37167686448872
MIMICRY,TROP,I,6,4,8.37167686448872
MIMICRY,TROP,I,6,14,8.37167686448872
MIMICRY,TROP,I,6,2,8.37167686448872
MIMICRY,TROP,I,6,9,8.37167686448872
MIMICRY,TROP,I,6,8,8.37167686448872
MIMICRY,TROP,I,6,10,8.37167686448872
MIMICRY,TROP,I,6,1,8.37167686448872
MIMICRY,TROP,I,7,0,-4.43436521455069
MIMICRY,TROP,I,7,16,-4.43436521455069
MIMICRY,TROP,I,7,2,-4.43436521455069
MIMICRY,TROP,I,7,8,-4.43436521455069
MIMICRY,TROP,I,7,7,-4.43436521455069
MIMICRY,TROP,I,7,3,-4.43436521455069
MIMICRY,TROP,I,7,1,-4.43436521455069
MIMICRY,TROP,I,7,1,-4.43436521455069
MIMICRY,TROP,I,7,0,-4.43436521455069
MIMICRY,TROP,MO,5,23,23.5781168860294
MIMICRY,TROP,MO,7,0,-4.43436521455069
MIMICRY,TROP,P,3,27,43.6184069895868
MIMICRY,TROP,P,4,16,40.2394595378704
MIMICRY,TROP,P,6,15,8.37167686448872
MIMICRY,TROP,P,6,6,8.37167686448872
MIMICRY,TROP,P,6,27,8.37167686448872
MIMICRY,TROP,R,1,54,50.0154508798017
MIMICRY,TROP,R,2,10,47.4782843665124
MIMICRY,TROP,R,4,16,40.2394595378704
PAT_CARE,TEMP,AM,1,21,44.4015540237404
PAT_CARE,TEMP,AM,5,4,17.9642200299681
PAT_CARE,TEMP,AM,6,8,2.7577800084274
PAT_CARE,TEMP,AM,6,4,2.7577800084274
PAT_CARE,TEMP,AR,4,27,34.6255626818091
PAT_CARE,TEMP,AR,7,0,-10.048262070612
PAT_CARE,TEMP,B,1,21,44.4015540237404
PAT_CARE,TEMP,B,1,25,44.4015540237404
PAT_CARE,TEMP,B,1,106,44.4015540237404
PAT_CARE,TEMP,B,1,60,44.4015540237404
PAT_CARE,TEMP,B,1,26,44.4015540237404
PAT_CARE,TEMP,B,1,13,44.4015540237404
PAT_CARE,TEMP,B,1,12,44.4015540237404
PAT_CARE,TEMP,B,1,30,44.4015540237404
PAT_CARE,TEMP,B,1,22,44.4015540237404
PAT_CARE,TEMP,B,1,23,44.4015540237404
PAT_CARE,TEMP,B,2,16,41.8643875104511
PAT_CARE,TEMP,B,2,20,41.8643875104511
PAT_CARE,TEMP,B,2,35,41.8643875104511
PAT_CARE,TEMP,B,2,88,41.8643875104511
PAT_CARE,TEMP,B,2,50,41.8643875104511
PAT_CARE,TEMP,B,2,98,41.8643875104511
PAT_CARE,TEMP,B,2,20,41.8643875104511
PAT_CARE,TEMP,B,2,36,41.8643875104511
PAT_CARE,TEMP,B,2,9,41.8643875104511
PAT_CARE,TEMP,B,2,25,41.8643875104511
PAT_CARE,TEMP,B,2,30,41.8643875104511
PAT_CARE,TEMP,B,3,73,38.0045101335255
PAT_CARE,TEMP,B,3,78,38.0045101335255
PAT_CARE,TEMP,B,3,41,38.0045101335255
PAT_CARE,TEMP,B,3,30,38.0045101335255
PAT_CARE,TEMP,B,3,28,38.0045101335255
PAT_CARE,TEMP,B,3,26,38.0045101335255
PAT_CARE,TEMP,B,3,30,38.0045101335255
PAT_CARE,TEMP,B,3,8,38.0045101335255
PAT_CARE,TEMP,B,3,32,38.0045101335255
PAT_CARE,TEMP,B,3,21,38.0045101335255
PAT_CARE,TEMP,B,3,10,38.0045101335255
PAT_CARE,TEMP,B,3,46,38.0045101335255
PAT_CARE,TEMP,B,3,24,38.0045101335255
PAT_CARE,TEMP,B,3,7,38.0045101335255
PAT_CARE,TEMP,B,3,17,38.0045101335255
PAT_CARE,TEMP,B,4,39,34.6255626818091
PAT_CARE,TEMP,B,4,7,34.6255626818091
PAT_CARE,TEMP,B,4,36,34.6255626818091
PAT_CARE,TEMP,B,4,5,34.6255626818091
PAT_CARE,TEMP,B,4,9,34.6255626818091
PAT_CARE,TEMP,B,4,59,34.6255626818091
PAT_CARE,TEMP,B,4,23,34.6255626818091
PAT_CARE,TEMP,B,4,22,34.6255626818091
PAT_CARE,TEMP,B,4,1,34.6255626818091
PAT_CARE,TEMP,B,4,22,34.6255626818091
PAT_CARE,TEMP,B,4,41,34.6255626818091
PAT_CARE,TEMP,B,4,37,34.6255626818091
PAT_CARE,TEMP,B,4,4,34.6255626818091
PAT_CARE,TEMP,B,4,8,34.6255626818091
PAT_CARE,TEMP,B,4,17,34.6255626818091
PAT_CARE,TEMP,B,5,16,17.9642200299681
PAT_CARE,TEMP,B,5,53,17.9642200299681
PAT_CARE,TEMP,B,5,23,17.9642200299681
PAT_CARE,TEMP,B,5,38,17.9642200299681
PAT_CARE,TEMP,B,5,12,17.9642200299681
PAT_CARE,TEMP,B,5,18,17.9642200299681
PAT_CARE,TEMP,B,5,9,17.9642200299681
PAT_CARE,TEMP,B,5,14,17.9642200299681
PAT_CARE,TEMP,B,5,29,17.9642200299681
PAT_CARE,TEMP,B,5,82,17.9642200299681
PAT_CARE,TEMP,B,5,10,17.9642200299681
PAT_CARE,TEMP,B,5,24,17.9642200299681
PAT_CARE,TEMP,B,5,9,17.9642200299681
PAT_CARE,TEMP,B,5,19,17.9642200299681
PAT_CARE,TEMP,B,5,5,17.9642200299681
PAT_CARE,TEMP,B,5,11,17.9642200299681
PAT_CARE,TEMP,B,5,2,17.9642200299681
PAT_CARE,TEMP,B,5,11,17.9642200299681
PAT_CARE,TEMP,B,5,0,17.9642200299681
PAT_CARE,TEMP,B,5,52,17.9642200299681
PAT_CARE,TEMP,B,5,23,17.9642200299681
PAT_CARE,TEMP,B,5,38,17.9642200299681
PAT_CARE,TEMP,B,6,11,2.7577800084274
PAT_CARE,TEMP,B,6,15,2.7577800084274
PAT_CARE,TEMP,B,6,4,2.7577800084274
PAT_CARE,TEMP,B,6,26,2.7577800084274
PAT_CARE,TEMP,B,6,5,2.7577800084274
PAT_CARE,TEMP,B,6,10,2.7577800084274
PAT_CARE,TEMP,B,6,8,2.7577800084274
PAT_CARE,TEMP,B,6,2,2.7577800084274
PAT_CARE,TEMP,B,6,11,2.7577800084274
PAT_CARE,TEMP,B,6,1,2.7577800084274
PAT_CARE,TEMP,B,6,14,2.7577800084274
PAT_CARE,TEMP,B,6,7,2.7577800084274
PAT_CARE,TEMP,B,6,3,2.7577800084274
PAT_CARE,TEMP,B,6,4,2.7577800084274
PAT_CARE,TEMP,B,6,1,2.7577800084274
PAT_CARE,TEMP,B,6,14,2.7577800084274
PAT_CARE,TEMP,B,6,22,2.7577800084274
PAT_CARE,TEMP,B,6,36,2.7577800084274
PAT_CARE,TEMP,B,6,16,2.7577800084274
PAT_CARE,TEMP,B,7,3,-10.048262070612
PAT_CARE,TEMP,B,7,5,-10.048262070612
PAT_CARE,TEMP,B,7,1,-10.048262070612
PAT_CARE,TEMP,B,7,1,-10.048262070612
PAT_CARE,TEMP,B,7,0,-10.048262070612
PAT_CARE,TEMP,B,7,2,-10.048262070612
PAT_CARE,TEMP,B,7,0,-10.048262070612
PAT_CARE,TEMP,B,7,2,-10.048262070612
PAT_CARE,TEMP,B,7,4,-10.048262070612
PAT_CARE,TEMP,B,7,3,-10.048262070612
PAT_CARE,TEMP,B,7,12,-10.048262070612
PAT_CARE,TEMP,B,7,1,-10.048262070612
PAT_CARE,TEMP,B,7,0,-10.048262070612
PAT_CARE,TEMP,B,7,5,-10.048262070612
PAT_CARE,TEMP,B,7,0,-10.048262070612
PAT_CARE,TEMP,B,7,0,-10.048262070612
PAT_CARE,TEMP,B,7,1,-10.048262070612
PAT_CARE,TEMP,B,7,0,-10.048262070612
PAT_CARE,TEMP,B,7,0,-10.048262070612
PAT_CARE,TEMP,C,4,15,34.6255626818091
PAT_CARE,TEMP,F,1,23,44.4015540237404
PAT_CARE,TEMP,F,2,58,41.8643875104511
PAT_CARE,TEMP,F,2,27,41.8643875104511
PAT_CARE,TEMP,F,2,84,41.8643875104511
PAT_CARE,TEMP,F,2,71,41.8643875104511
PAT_CARE,TEMP,F,2,4,41.8643875104511
PAT_CARE,TEMP,F,3,45,38.0045101335255
PAT_CARE,TEMP,F,3,19,38.0045101335255
PAT_CARE,TEMP,F,3,34,38.0045101335255
PAT_CARE,TEMP,F,4,16,34.6255626818091
PAT_CARE,TEMP,F,4,38,34.6255626818091
PAT_CARE,TEMP,F,4,5,34.6255626818091
PAT_CARE,TEMP,F,4,31,34.6255626818091
PAT_CARE,TEMP,F,4,17,34.6255626818091
PAT_CARE,TEMP,F,4,7,34.6255626818091
PAT_CARE,TEMP,F,5,26,17.9642200299681
PAT_CARE,TEMP,F,6,4,2.7577800084274
PAT_CARE,TEMP,F,6,2,2.7577800084274
PAT_CARE,TEMP,F,6,9,2.7577800084274
PAT_CARE,TEMP,F,6,5,2.7577800084274
PAT_CARE,TEMP,F,6,11,2.7577800084274
PAT_CARE,TEMP,I,1,33,44.4015540237404
PAT_CARE,TEMP,I,1,98,44.4015540237404
PAT_CARE,TEMP,I,1,56,44.4015540237404
PAT_CARE,TEMP,I,2,59,41.8643875104511
PAT_CARE,TEMP,I,2,14,41.8643875104511
PAT_CARE,TEMP,I,3,51,38.0045101335255
PAT_CARE,TEMP,I,3,15,38.0045101335255
PAT_CARE,TEMP,I,4,46,34.6255626818091
PAT_CARE,TEMP,I,4,11,34.6255626818091
PAT_CARE,TEMP,I,4,51,34.6255626818091
PAT_CARE,TEMP,I,5,47,17.9642200299681
PAT_CARE,TEMP,I,5,1,17.9642200299681
PAT_CARE,TEMP,I,6,14,2.7577800084274
PAT_CARE,TEMP,I,7,6,-10.048262070612
PAT_CARE,TEMP,I,7,4,-10.048262070612
PAT_CARE,TEMP,I,7,3,-10.048262070612
PAT_CARE,TEMP,I,7,6,-10.048262070612
PAT_CARE,TEMP,MA,3,56,38.0045101335255
PAT_CARE,TEMP,MA,3,13,38.0045101335255
PAT_CARE,TEMP,MA,5,12,17.9642200299681
PAT_CARE,TEMP,MA,5,9,17.9642200299681
PAT_CARE,TEMP,MA,6,3,2.7577800084274
PAT_CARE,TEMP,MA,6,18,2.7577800084274
PAT_CARE,TEMP,MA,6,7,2.7577800084274
PAT_CARE,TEMP,MA,7,0,-10.048262070612
PAT_CARE,TEMP,MA,7,0,-10.048262070612
PAT_CARE,TEMP,R,5,7,17.9642200299681
PAT_CARE,TEMP,R,6,1,2.7577800084274
PAT_CARE,TEMP,R,7,1,-10.048262070612
PAT_CARE,TROP,AM,3,23,38.0045101335255
PAT_CARE,TROP,AM,3,50,38.0045101335255
PAT_CARE,TROP,AM,4,18,34.6255626818091
PAT_CARE,TROP,AM,4,10,34.6255626818091
PAT_CARE,TROP,AM,5,24,17.9642200299681
PAT_CARE,TROP,AM,5,26,17.9642200299681
PAT_CARE,TROP,AM,6,7,2.7577800084274
PAT_CARE,TROP,AM,7,0,-10.048262070612
PAT_CARE,TROP,AR,5,3,17.9642200299681
PAT_CARE,TROP,B,4,6,34.6255626818091
PAT_CARE,TROP,B,4,42,34.6255626818091
PAT_CARE,TROP,B,5,2,17.9642200299681
PAT_CARE,TROP,B,5,9,17.9642200299681
PAT_CARE,TROP,B,5,3,17.9642200299681
PAT_CARE,TROP,B,5,28,17.9642200299681
PAT_CARE,TROP,B,6,12,2.7577800084274
PAT_CARE,TROP,B,6,1,2.7577800084274
PAT_CARE,TROP,B,6,1,2.7577800084274
PAT_CARE,TROP,B,6,4,2.7577800084274
PAT_CARE,TROP,B,6,1,2.7577800084274
PAT_CARE,TROP,B,6,0,2.7577800084274
PAT_CARE,TROP,B,7,6,-10.048262070612
PAT_CARE,TROP,B,7,3,-10.048262070612
PAT_CARE,TROP,B,7,0,-10.048262070612
PAT_CARE,TROP,B,7,1,-10.048262070612
PAT_CARE,TROP,B,7,0,-10.048262070612
PAT_CARE,TROP,F,2,13,41.8643875104511
PAT_CARE,TROP,F,2,14,41.8643875104511
PAT_CARE,TROP,F,4,27,34.6255626818091
PAT_CARE,TROP,R,6,3,2.7577800084274
PAT_CARE,TROP,R,6,5,2.7577800084274
PAT_CARE,TROP,R,6,4,2.7577800084274
Predator-Prey,TEMP,,1,26,79.1681588155777
Predator-Prey,TEMP,,1,113,79.1681588155777
Predator-Prey,TEMP,,1,123,79.1681588155777
Predator-Prey,TEMP,,1,163,79.1681588155777
Predator-Prey,TEMP,,1,67,79.1681588155777
Predator-Prey,TEMP,,1,420,79.1681588155777
Predator-Prey,TEMP,,1,170,79.1681588155777
Predator-Prey,TEMP,,1,31,79.1681588155777
Predator-Prey,TEMP,,2,233,76.6309923022884
Predator-Prey,TEMP,,2,97,76.6309923022884
Predator-Prey,TEMP,,2,73,76.6309923022884
Predator-Prey,TEMP,,2,22,76.6309923022884
Predator-Prey,TEMP,,2,50,76.6309923022884
Predator-Prey,TEMP,,2,55,76.6309923022884
Predator-Prey,TEMP,,2,73,76.6309923022884
Predator-Prey,TEMP,,2,346,76.6309923022884
Predator-Prey,TEMP,,2,37,76.6309923022884
Predator-Prey,TEMP,,2,50,76.6309923022884
Predator-Prey,TEMP,,2,42,76.6309923022884
Predator-Prey,TEMP,,2,22,76.6309923022884
Predator-Prey,TEMP,,3,55,72.7711149253628
Predator-Prey,TEMP,,3,111,72.7711149253628
Predator-Prey,TEMP,,3,103,72.7711149253628
Predator-Prey,TEMP,,3,218,72.7711149253628
Predator-Prey,TEMP,,3,22,72.7711149253628
Predator-Prey,TEMP,,3,433,72.7711149253628
Predator-Prey,TEMP,,3,8,72.7711149253628
Predator-Prey,TEMP,,3,58,72.7711149253628
Predator-Prey,TEMP,,3,58,72.7711149253628
Predator-Prey,TEMP,,3,140,72.7711149253628
Predator-Prey,TEMP,,3,23,72.7711149253628
Predator-Prey,TEMP,,3,537,72.7711149253628
Predator-Prey,TEMP,,3,38,72.7711149253628
Predator-Prey,TEMP,,3,20,72.7711149253628
Predator-Prey,TEMP,,3,37,72.7711149253628
Predator-Prey,TEMP,,4,55,69.3921674736464
Predator-Prey,TEMP,,4,134,69.3921674736464
Predator-Prey,TEMP,,4,53,69.3921674736464
Predator-Prey,TEMP,,4,46,69.3921674736464
Predator-Prey,TEMP,,4,519,69.3921674736464
Predator-Prey,TEMP,,4,52,69.3921674736464
Predator-Prey,TEMP,,4,31,69.3921674736464
Predator-Prey,TEMP,,4,91,69.3921674736464
Predator-Prey,TEMP,,4,30,69.3921674736464
Predator-Prey,TEMP,,4,44,69.3921674736464
Predator-Prey,TEMP,,4,51,69.3921674736464
Predator-Prey,TEMP,,4,39,69.3921674736464
Predator-Prey,TEMP,,4,60,69.3921674736464
Predator-Prey,TEMP,,4,58,69.3921674736464
Predator-Prey,TEMP,,4,81,69.3921674736464
Predator-Prey,TEMP,,4,87,69.3921674736464
Predator-Prey,TEMP,,4,125,69.3921674736464
Predator-Prey,TEMP,,4,30,69.3921674736464
Predator-Prey,TEMP,,4,37,69.3921674736464
Predator-Prey,TEMP,,4,92,69.3921674736464
Predator-Prey,TEMP,,4,18,69.3921674736464
Predator-Prey,TEMP,,4,128,69.3921674736464
Predator-Prey,TEMP,,4,29,69.3921674736464
Predator-Prey,TEMP,,5,6,52.7308248218054
Predator-Prey,TEMP,,5,117,52.7308248218054
Predator-Prey,TEMP,,5,30,52.7308248218054
Predator-Prey,TEMP,,5,33,52.7308248218054
Predator-Prey,TEMP,,5,34,52.7308248218054
Predator-Prey,TEMP,,5,105,52.7308248218054
Predator-Prey,TEMP,,5,84,52.7308248218054
Predator-Prey,TEMP,,5,23,52.7308248218054
Predator-Prey,TEMP,,5,29,52.7308248218054
Predator-Prey,TEMP,,5,33,52.7308248218054
Predator-Prey,TEMP,,5,29,52.7308248218054
Predator-Prey,TEMP,,5,42,52.7308248218054
Predator-Prey,TEMP,,5,53,52.7308248218054
Predator-Prey,TEMP,,5,14,52.7308248218054
Predator-Prey,TEMP,,5,13,52.7308248218054
Predator-Prey,TEMP,,5,66,52.7308248218054
Predator-Prey,TEMP,,5,64,52.7308248218054
Predator-Prey,TEMP,,5,2,52.7308248218054
Predator-Prey,TEMP,,5,50,52.7308248218054
Predator-Prey,TEMP,,5,2,52.7308248218054
Predator-Prey,TEMP,,5,48,52.7308248218054
Predator-Prey,TEMP,,5,7,52.7308248218054
Predator-Prey,TEMP,,5,9,52.7308248218054
Predator-Prey,TEMP,,5,68,52.7308248218054
Predator-Prey,TEMP,,5,20,52.7308248218054
Predator-Prey,TEMP,,5,25,52.7308248218054
Predator-Prey,TEMP,,5,43,52.7308248218054
Predator-Prey,TEMP,,5,89,52.7308248218054
Predator-Prey,TEMP,,5,14,52.7308248218054
Predator-Prey,TEMP,,5,12,52.7308248218054
Predator-Prey,TEMP,,5,30,52.7308248218054
Predator-Prey,TEMP,,6,10,37.5243848002647
Predator-Prey,TEMP,,6,3,37.5243848002647
Predator-Prey,TEMP,,6,40,37.5243848002647
Predator-Prey,TEMP,,6,9,37.5243848002647
Predator-Prey,TEMP,,6,65,37.5243848002647
Predator-Prey,TEMP,,6,67,37.5243848002647
Predator-Prey,TEMP,,6,11,37.5243848002647
Predator-Prey,TEMP,,6,12,37.5243848002647
Predator-Prey,TEMP,,6,66,37.5243848002647
Predator-Prey,TEMP,,6,9,37.5243848002647
Predator-Prey,TEMP,,6,6,37.5243848002647
Predator-Prey,TEMP,,6,16,37.5243848002647
Predator-Prey,TEMP,,6,8,37.5243848002647
Predator-Prey,TEMP,,6,15,37.5243848002647
Predator-Prey,TEMP,,6,74,37.5243848002647
Predator-Prey,TEMP,,6,5,37.5243848002647
Predator-Prey,TEMP,,6,11,37.5243848002647
Predator-Prey,TEMP,,6,9,37.5243848002647
Predator-Prey,TEMP,,6,5,37.5243848002647
Predator-Prey,TEMP,,6,7,37.5243848002647
Predator-Prey,TEMP,,6,57,37.5243848002647
Predator-Prey,TEMP,,6,84,37.5243848002647
Predator-Prey,TEMP,,6,16,37.5243848002647
Predator-Prey,TEMP,,6,13,37.5243848002647
Predator-Prey,TEMP,,6,95,37.5243848002647
Predator-Prey,TEMP,,6,32,37.5243848002647
Predator-Prey,TEMP,,6,1,37.5243848002647
Predator-Prey,TEMP,,6,135,37.5243848002647
Predator-Prey,TEMP,,6,3,37.5243848002647
Predator-Prey,TEMP,,6,14,37.5243848002647
Predator-Prey,TEMP,,6,2,37.5243848002647
Predator-Prey,TEMP,,6,22,37.5243848002647
Predator-Prey,TEMP,,6,14,37.5243848002647
Predator-Prey,TEMP,,6,76,37.5243848002647
Predator-Prey,TEMP,,6,13,37.5243848002647
Predator-Prey,TEMP,,6,82,37.5243848002647
Predator-Prey,TEMP,,7,3,24.7183427212253
Predator-Prey,TEMP,,7,8,24.7183427212253
Predator-Prey,TEMP,,7,6,24.7183427212253
Predator-Prey,TEMP,,7,6,24.7183427212253
Predator-Prey,TEMP,,7,4,24.7183427212253
Predator-Prey,TEMP,,7,6,24.7183427212253
Predator-Prey,TEMP,,7,18,24.7183427212253
Predator-Prey,TEMP,,7,1,24.7183427212253
Predator-Prey,TEMP,,7,13,24.7183427212253
Predator-Prey,TEMP,,7,3,24.7183427212253
Predator-Prey,TEMP,,7,1,24.7183427212253
Predator-Prey,TEMP,,7,10,24.7183427212253
Predator-Prey,TEMP,,7,2,24.7183427212253
Predator-Prey,TEMP,,7,14,24.7183427212253
Predator-Prey,TEMP,,7,5,24.7183427212253
Predator-Prey,TEMP,,7,9,24.7183427212253
Predator-Prey,TEMP,,7,3,24.7183427212253
Predator-Prey,TEMP,,7,6,24.7183427212253
Predator-Prey,TEMP,,7,5,24.7183427212253
Predator-Prey,TEMP,,7,4,24.7183427212253
Predator-Prey,TEMP,,7,0,24.7183427212253
Predator-Prey,TEMP,,7,4,24.7183427212253
Predator-Prey,TEMP,,7,1,24.7183427212253
Predator-Prey,TEMP,,7,32,24.7183427212253
Predator-Prey,TEMP,,7,0,24.7183427212253
Predator-Prey,TEMP,,7,5,24.7183427212253
Predator-Prey,TEMP,,7,1,24.7183427212253
Predator-Prey,TEMP,,7,0,24.7183427212253
Predator-Prey,TEMP,,7,1,24.7183427212253
Predator-Prey,TEMP,,7,5,24.7183427212253
Predator-Prey,TEMP,,7,5,24.7183427212253
Predator-Prey,TEMP,,7,3,24.7183427212253
Predator-Prey,TEMP,,7,6,24.7183427212253
Predator-Prey,TEMP,,7,2,24.7183427212253
Predator-Prey,TEMP,,7,20,24.7183427212253
Predator-Prey,TROP,,1,209,79.1681588155777
Predator-Prey,TROP,,1,17,79.1681588155777
Predator-Prey,TROP,,2,68,76.6309923022884
Predator-Prey,TROP,,3,78,72.7711149253628
Predator-Prey,TROP,,3,70,72.7711149253628
Predator-Prey,TROP,,3,104,72.7711149253628
Predator-Prey,TROP,,4,58,69.3921674736464
Predator-Prey,TROP,,4,58,69.3921674736464
Predator-Prey,TROP,,4,22,69.3921674736464
Predator-Prey,TROP,,4,272,69.3921674736464
Predator-Prey,TROP,,4,0,69.3921674736464
Predator-Prey,TROP,,5,22,52.7308248218054
Predator-Prey,TROP,,5,11,52.7308248218054
Predator-Prey,TROP,,5,34,52.7308248218054
Predator-Prey,TROP,,5,10,52.7308248218054
Predator-Prey,TROP,,5,149,52.7308248218054
Predator-Prey,TROP,,5,30,52.7308248218054
Predator-Prey,TROP,,6,4,37.5243848002647
Predator-Prey,TROP,,6,10,37.5243848002647
Predator-Prey,TROP,,6,33,37.5243848002647
Predator-Prey,TROP,,6,16,37.5243848002647
Predator-Prey,TROP,,6,7,37.5243848002647
Predator-Prey,TROP,,6,30,37.5243848002647
Predator-Prey,TROP,,6,11,37.5243848002647
Predator-Prey,TROP,,6,19,37.5243848002647
Predator-Prey,TROP,,6,7,37.5243848002647
Predator-Prey,TROP,,6,3,37.5243848002647
Predator-Prey,TROP,,6,4,37.5243848002647
Predator-Prey,TROP,,6,34,37.5243848002647
Predator-Prey,TROP,,7,0,24.7183427212253
Predator-Prey,TROP,,7,11,24.7183427212253
Predator-Prey,TROP,,7,1,24.7183427212253
Predator-Prey,TROP,,7,0,24.7183427212253
Predator-Prey,TROP,,7,12,24.7183427212253
Predator-Prey,TROP,,7,1,24.7183427212253
Predator-Prey,TROP,,7,5,24.7183427212253
Predator-Prey,TROP,,7,2,24.7183427212253
Predator-Prey,TROP,,7,0,24.7183427212253
Predator-Prey,TROP,,7,22,24.7183427212253
Predator-Prey,TROP,,7,9,24.7183427212253
SEXSEL,TEMP,AM,1,433,55.5879747708534
SEXSEL,TEMP,AM,3,40,49.1909308806385
SEXSEL,TEMP,AM,3,35,49.1909308806385
SEXSEL,TEMP,AM,3,34,49.1909308806385
SEXSEL,TEMP,AM,3,33,49.1909308806385
SEXSEL,TEMP,AM,4,6,45.8119834289221
SEXSEL,TEMP,AM,4,17,45.8119834289221
SEXSEL,TEMP,AM,5,12,29.1506407770811
SEXSEL,TEMP,AM,5,60,29.1506407770811
SEXSEL,TEMP,AM,6,12,13.9442007555404
SEXSEL,TEMP,AM,6,0,13.9442007555404
SEXSEL,TEMP,AM,6,8,13.9442007555404
SEXSEL,TEMP,AM,7,0,1.138158676501
SEXSEL,TEMP,AM,7,0,1.138158676501
SEXSEL,TEMP,AR,2,126,53.0508082575641
SEXSEL,TEMP,AR,3,51,49.1909308806385
SEXSEL,TEMP,AR,5,5,29.1506407770811
SEXSEL,TEMP,AR,6,9,13.9442007555404
SEXSEL,TEMP,AR,6,48,13.9442007555404
SEXSEL,TEMP,AR,7,6,1.138158676501
SEXSEL,TEMP,AR,7,5,1.138158676501
SEXSEL,TEMP,B,2,49,53.0508082575641
SEXSEL,TEMP,B,2,103,53.0508082575641
SEXSEL,TEMP,B,2,9,53.0508082575641
SEXSEL,TEMP,B,2,64,53.0508082575641
SEXSEL,TEMP,B,2,88,53.0508082575641
SEXSEL,TEMP,B,3,56,49.1909308806385
SEXSEL,TEMP,B,3,97,49.1909308806385
SEXSEL,TEMP,B,3,19,49.1909308806385
SEXSEL,TEMP,B,3,29,49.1909308806385
SEXSEL,TEMP,B,3,73,49.1909308806385
SEXSEL,TEMP,B,3,12,49.1909308806385
SEXSEL,TEMP,B,4,94,45.8119834289221
SEXSEL,TEMP,B,4,36,45.8119834289221
SEXSEL,TEMP,B,4,47,45.8119834289221
SEXSEL,TEMP,B,4,25,45.8119834289221
SEXSEL,TEMP,B,4,14,45.8119834289221
SEXSEL,TEMP,B,4,29,45.8119834289221
SEXSEL,TEMP,B,4,27,45.8119834289221
SEXSEL,TEMP,B,4,15,45.8119834289221
SEXSEL,TEMP,B,5,20,29.1506407770811
SEXSEL,TEMP,B,5,12,29.1506407770811
SEXSEL,TEMP,B,5,69,29.1506407770811
SEXSEL,TEMP,B,5,20,29.1506407770811
SEXSEL,TEMP,B,5,10,29.1506407770811
SEXSEL,TEMP,B,5,64,29.1506407770811
SEXSEL,TEMP,B,5,15,29.1506407770811
SEXSEL,TEMP,B,5,73,29.1506407770811
SEXSEL,TEMP,B,5,6,29.1506407770811
SEXSEL,TEMP,B,5,43,29.1506407770811
SEXSEL,TEMP,B,6,25,13.9442007555404
SEXSEL,TEMP,B,6,9,13.9442007555404
SEXSEL,TEMP,B,6,6,13.9442007555404
SEXSEL,TEMP,B,6,6,13.9442007555404
SEXSEL,TEMP,B,6,6,13.9442007555404
SEXSEL,TEMP,B,6,6,13.9442007555404
SEXSEL,TEMP,B,6,11,13.9442007555404
SEXSEL,TEMP,B,6,24,13.9442007555404
SEXSEL,TEMP,B,7,4,1.138158676501
SEXSEL,TEMP,B,7,1,1.138158676501
SEXSEL,TEMP,B,7,6,1.138158676501
SEXSEL,TEMP,B,7,23,1.138158676501
SEXSEL,TEMP,B,7,4,1.138158676501
SEXSEL,TEMP,C,1,22,55.5879747708534
SEXSEL,TEMP,C,2,56,53.0508082575641
SEXSEL,TEMP,C,2,10,53.0508082575641
SEXSEL,TEMP,C,3,39,49.1909308806385
SEXSEL,TEMP,C,4,22,45.8119834289221
SEXSEL,TEMP,C,4,25,45.8119834289221
SEXSEL,TEMP,C,6,2,13.9442007555404
SEXSEL,TEMP,C,7,0,1.138158676501
SEXSEL,TEMP,F,1,255,55.5879747708534
SEXSEL,TEMP,F,2,34,53.0508082575641
SEXSEL,TEMP,F,2,120,53.0508082575641
SEXSEL,TEMP,F,3,37,49.1909308806385
SEXSEL,TEMP,F,4,140,45.8119834289221
SEXSEL,TEMP,F,4,11,45.8119834289221
SEXSEL,TEMP,F,4,34,45.8119834289221
SEXSEL,TEMP,F,5,27,29.1506407770811
SEXSEL,TEMP,F,5,54,29.1506407770811
SEXSEL,TEMP,F,5,19,29.1506407770811
SEXSEL,TEMP,F,6,5,13.9442007555404
SEXSEL,TEMP,F,6,22,13.9442007555404
SEXSEL,TEMP,F,6,23,13.9442007555404
SEXSEL,TEMP,F,6,8,13.9442007555404
SEXSEL,TEMP,F,6,5,13.9442007555404
SEXSEL,TEMP,F,6,15,13.9442007555404
SEXSEL,TEMP,F,6,32,13.9442007555404
SEXSEL,TEMP,F,7,2,1.138158676501
SEXSEL,TEMP,I,1,22,55.5879747708534
SEXSEL,TEMP,I,1,37,55.5879747708534
SEXSEL,TEMP,I,1,3,55.5879747708534
SEXSEL,TEMP,I,2,13,53.0508082575641
SEXSEL,TEMP,I,2,31,53.0508082575641
SEXSEL,TEMP,I,2,33,53.0508082575641
SEXSEL,TEMP,I,2,26,53.0508082575641
SEXSEL,TEMP,I,3,23,49.1909308806385
SEXSEL,TEMP,I,3,4,49.1909308806385
SEXSEL,TEMP,I,4,36,45.8119834289221
SEXSEL,TEMP,I,4,12,45.8119834289221
SEXSEL,TEMP,I,4,13,45.8119834289221
SEXSEL,TEMP,I,4,79,45.8119834289221
SEXSEL,TEMP,I,5,48,29.1506407770811
SEXSEL,TEMP,I,5,21,29.1506407770811
SEXSEL,TEMP,I,5,10,29.1506407770811
SEXSEL,TEMP,I,6,16,13.9442007555404
SEXSEL,TEMP,I,6,5,13.9442007555404
SEXSEL,TEMP,I,6,6,13.9442007555404
SEXSEL,TEMP,I,6,3,13.9442007555404
SEXSEL,TEMP,I,6,3,13.9442007555404
SEXSEL,TEMP,I,7,0,1.138158676501
SEXSEL,TEMP,I,7,1,1.138158676501
SEXSEL,TEMP,I,7,2,1.138158676501
SEXSEL,TEMP,I,7,0,1.138158676501
SEXSEL,TEMP,I,7,1,1.138158676501
SEXSEL,TEMP,I,7,1,1.138158676501
SEXSEL,TEMP,MA,1,34,55.5879747708534
SEXSEL,TEMP,MA,1,10,55.5879747708534
SEXSEL,TEMP,MA,3,59,49.1909308806385
SEXSEL,TEMP,MA,4,175,45.8119834289221
SEXSEL,TEMP,MA,5,6,29.1506407770811
SEXSEL,TEMP,MA,5,2,29.1506407770811
SEXSEL,TEMP,MA,5,10,29.1506407770811
SEXSEL,TEMP,MA,5,23,29.1506407770811
SEXSEL,TEMP,MA,6,14,13.9442007555404
SEXSEL,TEMP,MA,7,0,1.138158676501
SEXSEL,TEMP,MA,7,0,1.138158676501
SEXSEL,TEMP,MO,2,116,53.0508082575641
SEXSEL,TEMP,MO,7,20,1.138158676501
SEXSEL,TEMP,P,1,23,55.5879747708534
SEXSEL,TEMP,P,3,34,49.1909308806385
SEXSEL,TEMP,R,1,50,55.5879747708534
SEXSEL,TEMP,R,2,19,53.0508082575641
SEXSEL,TEMP,R,3,19,49.1909308806385
SEXSEL,TEMP,R,3,46,49.1909308806385
SEXSEL,TEMP,R,4,12,45.8119834289221
SEXSEL,TEMP,R,5,38,29.1506407770811
SEXSEL,TEMP,R,5,40,29.1506407770811
SEXSEL,TEMP,R,6,6,13.9442007555404
SEXSEL,TEMP,R,6,17,13.9442007555404
SEXSEL,TEMP,R,7,0,1.138158676501
SEXSEL,TEMP,R,7,2,1.138158676501
SEXSEL,TEMP,R,7,0,1.138158676501
SEXSEL,TEMP,R,7,0,1.138158676501
SEXSEL,TROP,AM,4,74,45.8119834289221
SEXSEL,TROP,AM,4,6,45.8119834289221
SEXSEL,TROP,AM,5,14,29.1506407770811
SEXSEL,TROP,AM,6,27,13.9442007555404
SEXSEL,TROP,AM,6,17,13.9442007555404
SEXSEL,TROP,AM,6,2,13.9442007555404
SEXSEL,TROP,AM,6,25,13.9442007555404
SEXSEL,TROP,AR,6,27,13.9442007555404
SEXSEL,TROP,B,2,60,53.0508082575641
SEXSEL,TROP,B,3,41,49.1909308806385
SEXSEL,TROP,B,3,81,49.1909308806385
SEXSEL,TROP,B,4,38,45.8119834289221
SEXSEL,TROP,B,4,61,45.8119834289221
SEXSEL,TROP,B,5,69,29.1506407770811
SEXSEL,TROP,B,5,52,29.1506407770811
SEXSEL,TROP,B,6,6,13.9442007555404
SEXSEL,TROP,C,7,0,1.138158676501
SEXSEL,TROP,F,2,106,53.0508082575641
SEXSEL,TROP,F,4,20,45.8119834289221
SEXSEL,TROP,F,4,56,45.8119834289221
SEXSEL,TROP,F,4,65,45.8119834289221
SEXSEL,TROP,F,4,9,45.8119834289221
SEXSEL,TROP,F,5,5,29.1506407770811
SEXSEL,TROP,F,5,16,29.1506407770811
SEXSEL,TROP,F,5,3,29.1506407770811
SEXSEL,TROP,F,5,47,29.1506407770811
SEXSEL,TROP,F,5,41,29.1506407770811
SEXSEL,TROP,F,5,25,29.1506407770811
SEXSEL,TROP,F,6,10,13.9442007555404
SEXSEL,TROP,F,6,23,13.9442007555404
SEXSEL,TROP,F,6,14,13.9442007555404
SEXSEL,TROP,F,6,9,13.9442007555404
SEXSEL,TROP,F,6,15,13.9442007555404
SEXSEL,TROP,F,6,12,13.9442007555404
SEXSEL,TROP,F,7,1,1.138158676501
SEXSEL,TROP,I,3,39,49.1909308806385
SEXSEL,TROP,I,4,23,45.8119834289221
SEXSEL,TROP,I,5,16,29.1506407770811
SEXSEL,TROP,I,5,3,29.1506407770811
SEXSEL,TROP,I,5,16,29.1506407770811
SEXSEL,TROP,I,6,52,13.9442007555404
SEXSEL,TROP,I,6,9,13.9442007555404
SEXSEL,TROP,I,7,0,1.138158676501
SEXSEL,TROP,I,7,1,1.138158676501
SEXSEL,TROP,I,7,8,1.138158676501
SEXSEL,TROP,MA,1,78,55.5879747708534
SEXSEL,TROP,MA,3,63,49.1909308806385
SEXSEL,TROP,MA,4,28,45.8119834289221
SEXSEL,TROP,MA,5,21,29.1506407770811
SEXSEL,TROP,MA,5,26,29.1506407770811
SEXSEL,TROP,MA,6,4,13.9442007555404
SEXSEL,TROP,MA,7,2,1.138158676501
SEXSEL,TROP,MA,7,0,1.138158676501
SEXSEL,TROP,O,5,1,29.1506407770811
SEXSEL,TROP,P,2,14,53.0508082575641
SEXSEL,TROP,R,5,2,29.1506407770811
adaptation,TEMP,AM,4,82,48.6905200061813
adaptation,TEMP,AM,4,108,48.6905200061813
adaptation,TEMP,AM,4,12,48.6905200061813
adaptation,TEMP,AM,5,15,32.0291773543403
adaptation,TEMP,AM,6,2,16.8227373327996
adaptation,TEMP,AM,6,31,16.8227373327996
adaptation,TEMP,AM,7,0,4.01669525376024
adaptation,TEMP,B,3,37,52.0694674578978
adaptation,TEMP,B,3,30,52.0694674578978
adaptation,TEMP,B,4,192,48.6905200061813
adaptation,TEMP,B,5,94,32.0291773543403
adaptation,TEMP,B,6,12,16.8227373327996
adaptation,TEMP,B,6,1,16.8227373327996
adaptation,TEMP,B,7,7,4.01669525376024
adaptation,TEMP,B,7,2,4.01669525376024
adaptation,TEMP,B,7,8,4.01669525376024
adaptation,TEMP,B,7,8,4.01669525376024
adaptation,TEMP,C,3,38,52.0694674578978
adaptation,TEMP,C,6,20,16.8227373327996
adaptation,TEMP,C,7,0,4.01669525376024
adaptation,TEMP,C,7,3,4.01669525376024
adaptation,TEMP,F,3,44,52.0694674578978
adaptation,TEMP,F,4,99,48.6905200061813
adaptation,TEMP,F,4,38,48.6905200061813
adaptation,TEMP,F,5,12,32.0291773543403
adaptation,TEMP,F,5,22,32.0291773543403
adaptation,TEMP,F,5,28,32.0291773543403
adaptation,TEMP,F,5,24,32.0291773543403
adaptation,TEMP,F,6,27,16.8227373327996
adaptation,TEMP,F,6,54,16.8227373327996
adaptation,TEMP,F,6,9,16.8227373327996
adaptation,TEMP,F,6,8,16.8227373327996
adaptation,TEMP,F,6,16,16.8227373327996
adaptation,TEMP,F,6,15,16.8227373327996
adaptation,TEMP,F,6,3,16.8227373327996
adaptation,TEMP,F,6,42,16.8227373327996
adaptation,TEMP,F,7,0,4.01669525376024
adaptation,TEMP,F,7,1,4.01669525376024
adaptation,TEMP,F,7,1,4.01669525376024
adaptation,TEMP,F,7,5,4.01669525376024
adaptation,TEMP,F,7,6,4.01669525376024
adaptation,TEMP,F,7,5,4.01669525376024
adaptation,TEMP,F,7,34,4.01669525376024
adaptation,TEMP,F,7,9,4.01669525376024
adaptation,TEMP,F,7,2,4.01669525376024
adaptation,TEMP,I,3,22,52.0694674578978
adaptation,TEMP,I,4,44,48.6905200061813
adaptation,TEMP,I,4,23,48.6905200061813
adaptation,TEMP,I,5,3,32.0291773543403
adaptation,TEMP,I,5,7,32.0291773543403
adaptation,TEMP,I,5,3,32.0291773543403
adaptation,TEMP,I,5,14,32.0291773543403
adaptation,TEMP,I,5,46,32.0291773543403
adaptation,TEMP,I,6,7,16.8227373327996
adaptation,TEMP,I,6,20,16.8227373327996
adaptation,TEMP,I,7,0,4.01669525376024
adaptation,TEMP,I,7,0,4.01669525376024
adaptation,TEMP,I,7,3,4.01669525376024
adaptation,TEMP,I,7,11,4.01669525376024
adaptation,TEMP,I,7,23,4.01669525376024
adaptation,TEMP,I,7,22,4.01669525376024
adaptation,TEMP,I,7,4,4.01669525376024
adaptation,TEMP,MA,6,15,16.8227373327996
adaptation,TEMP,MA,6,28,16.8227373327996
adaptation,TEMP,MA,6,12,16.8227373327996
adaptation,TEMP,MA,6,7,16.8227373327996
adaptation,TEMP,MA,6,5,16.8227373327996
adaptation,TEMP,MA,6,6,16.8227373327996
adaptation,TEMP,MA,7,4,4.01669525376024
adaptation,TEMP,MA,7,9,4.01669525376024
adaptation,TEMP,MO,5,25,32.0291773543403
adaptation,TEMP,MO,6,24,16.8227373327996
adaptation,TEMP,MO,6,24,16.8227373327996
adaptation,TEMP,MO,6,4,16.8227373327996
adaptation,TEMP,MO,6,6,16.8227373327996
adaptation,TEMP,MO,7,6,4.01669525376024
adaptation,TEMP,MO,7,15,4.01669525376024
adaptation,TEMP,O,2,70,55.9293448348233
adaptation,TEMP,O,5,82,32.0291773543403
adaptation,TEMP,O,5,17,32.0291773543403
adaptation,TEMP,O,6,8,16.8227373327996
adaptation,TEMP,O,6,29,16.8227373327996
adaptation,TEMP,O,6,25,16.8227373327996
adaptation,TEMP,O,7,2,4.01669525376024
adaptation,TEMP,O,7,10,4.01669525376024
adaptation,TEMP,O,7,1,4.01669525376024
adaptation,TEMP,O,7,4,4.01669525376024
adaptation,TEMP,P,1,106,58.4665113481126
adaptation,TEMP,P,1,23,58.4665113481126
adaptation,TEMP,P,2,90,55.9293448348233
adaptation,TEMP,P,2,18,55.9293448348233
adaptation,TEMP,P,2,100,55.9293448348233
adaptation,TEMP,P,3,52,52.0694674578978
adaptation,TEMP,P,3,9,52.0694674578978
adaptation,TEMP,P,3,38,52.0694674578978
adaptation,TEMP,P,3,54,52.0694674578978
adaptation,TEMP,P,4,151,48.6905200061813
adaptation,TEMP,P,4,25,48.6905200061813
adaptation,TEMP,P,4,4,48.6905200061813
adaptation,TEMP,P,4,24,48.6905200061813
adaptation,TEMP,P,4,42,48.6905200061813
adaptation,TEMP,P,4,27,48.6905200061813
adaptation,TEMP,P,4,68,48.6905200061813
adaptation,TEMP,P,5,6,32.0291773543403
adaptation,TEMP,P,5,45,32.0291773543403
adaptation,TEMP,P,5,10,32.0291773543403
adaptation,TEMP,P,5,16,32.0291773543403
adaptation,TEMP,P,5,8,32.0291773543403
adaptation,TEMP,P,5,4,32.0291773543403
adaptation,TEMP,P,5,10,32.0291773543403
adaptation,TEMP,P,5,32,32.0291773543403
adaptation,TEMP,P,5,7,32.0291773543403
adaptation,TEMP,P,5,7,32.0291773543403
adaptation,TEMP,P,5,14,32.0291773543403
adaptation,TEMP,P,5,42,32.0291773543403
adaptation,TEMP,P,5,42,32.0291773543403
adaptation,TEMP,P,5,14,32.0291773543403
adaptation,TEMP,P,5,31,32.0291773543403
adaptation,TEMP,P,5,26,32.0291773543403
adaptation,TEMP,P,5,24,32.0291773543403
adaptation,TEMP,P,5,65,32.0291773543403
adaptation,TEMP,P,6,4,16.8227373327996
adaptation,TEMP,P,6,5,16.8227373327996
adaptation,TEMP,P,6,3,16.8227373327996
adaptation,TEMP,P,6,31,16.8227373327996
adaptation,TEMP,P,6,32,16.8227373327996
adaptation,TEMP,P,6,46,16.8227373327996
adaptation,TEMP,P,6,4,16.8227373327996
adaptation,TEMP,P,6,3,16.8227373327996
adaptation,TEMP,P,6,22,16.8227373327996
adaptation,TEMP,P,6,14,16.8227373327996
adaptation,TEMP,P,6,15,16.8227373327996
adaptation,TEMP,P,6,28,16.8227373327996
adaptation,TEMP,P,6,24,16.8227373327996
adaptation,TEMP,P,6,12,16.8227373327996
adaptation,TEMP,P,6,2,16.8227373327996
adaptation,TEMP,P,6,6,16.8227373327996
adaptation,TEMP,P,6,8,16.8227373327996
adaptation,TEMP,P,6,4,16.8227373327996
adaptation,TEMP,P,6,6,16.8227373327996
adaptation,TEMP,P,6,15,16.8227373327996
adaptation,TEMP,P,6,90,16.8227373327996
adaptation,TEMP,P,6,14,16.8227373327996
adaptation,TEMP,P,6,24,16.8227373327996
adaptation,TEMP,P,6,16,16.8227373327996
adaptation,TEMP,P,6,32,16.8227373327996
adaptation,TEMP,P,6,16,16.8227373327996
adaptation,TEMP,P,6,11,16.8227373327996
adaptation,TEMP,P,6,9,16.8227373327996
adaptation,TEMP,P,6,6,16.8227373327996
adaptation,TEMP,P,6,37,16.8227373327996
adaptation,TEMP,P,7,3,4.01669525376024
adaptation,TEMP,P,7,0,4.01669525376024
adaptation,TEMP,P,7,0,4.01669525376024
adaptation,TEMP,P,7,3,4.01669525376024
adaptation,TEMP,P,7,1,4.01669525376024
adaptation,TEMP,P,7,1,4.01669525376024
adaptation,TEMP,P,7,1,4.01669525376024
adaptation,TEMP,P,7,5,4.01669525376024
adaptation,TEMP,P,7,4,4.01669525376024
adaptation,TEMP,P,7,1,4.01669525376024
adaptation,TEMP,P,7,1,4.01669525376024
adaptation,TEMP,P,7,11,4.01669525376024
adaptation,TEMP,P,7,0,4.01669525376024
adaptation,TEMP,P,7,8,4.01669525376024
adaptation,TEMP,P,7,1,4.01669525376024
adaptation,TEMP,P,7,2,4.01669525376024
adaptation,TEMP,P,7,4,4.01669525376024
adaptation,TEMP,P,7,4,4.01669525376024
adaptation,TEMP,P,7,5,4.01669525376024
adaptation,TEMP,P,7,5,4.01669525376024
adaptation,TEMP,P,7,12,4.01669525376024
adaptation,TEMP,P,7,2,4.01669525376024
adaptation,TEMP,P,7,8,4.01669525376024
adaptation,TEMP,P,7,13,4.01669525376024
adaptation,TEMP,P,7,2,4.01669525376024
adaptation,TEMP,P,7,17,4.01669525376024
adaptation,TEMP,P,7,3,4.01669525376024
adaptation,TEMP,R,5,10,32.0291773543403
adaptation,TEMP,R,5,13,32.0291773543403
adaptation,TEMP,R,7,1,4.01669525376024
adaptation,TEMP,R,7,0,4.01669525376024
adaptation,TEMP,R,7,23,4.01669525376024
adaptation,TROP,B,5,77,32.0291773543403
adaptation,TROP,C,7,8,4.01669525376024
adaptation,TROP,F,5,32,32.0291773543403
adaptation,TROP,F,5,56,32.0291773543403
adaptation,TROP,F,6,15,16.8227373327996
adaptation,TROP,F,6,4,16.8227373327996
adaptation,TROP,F,6,19,16.8227373327996
adaptation,TROP,F,7,6,4.01669525376024
adaptation,TROP,I,4,18,48.6905200061813
adaptation,TROP,I,6,12,16.8227373327996
adaptation,TROP,I,7,0,4.01669525376024
adaptation,TROP,I,7,0,4.01669525376024
adaptation,TROP,I,7,5,4.01669525376024
adaptation,TROP,MO,7,1,4.01669525376024
adaptation,TROP,P,6,2,16.8227373327996
adaptation,TROP,P,6,16,16.8227373327996
adaptation,TROP,P,6,32,16.8227373327996
speciation,TEMP,AM,6,3,17.1015031615286
speciation,TEMP,AM,7,2,4.29546108248923
speciation,TEMP,AM,7,6,4.29546108248923
speciation,TEMP,AR,5,27,32.3079431830693
speciation,TEMP,AR,6,33,17.1015031615286
speciation,TEMP,B,1,134,58.7452771768416
speciation,TEMP,B,2,81,56.2081106635523
speciation,TEMP,B,5,11,32.3079431830693
speciation,TEMP,B,5,8,32.3079431830693
speciation,TEMP,B,6,5,17.1015031615286
speciation,TEMP,B,7,0,4.29546108248923
speciation,TEMP,B,7,2,4.29546108248923
speciation,TEMP,B,7,3,4.29546108248923
speciation,TEMP,C,3,30,52.3482332866267
speciation,TEMP,C,6,16,17.1015031615286
speciation,TEMP,C,7,0,4.29546108248923
speciation,TEMP,F,2,3,56.2081106635523
speciation,TEMP,F,3,23,52.3482332866267
speciation,TEMP,F,4,28,48.9692858349103
speciation,TEMP,F,4,12,48.9692858349103
speciation,TEMP,F,4,10,48.9692858349103
speciation,TEMP,F,4,22,48.9692858349103
speciation,TEMP,F,4,15,48.9692858349103
speciation,TEMP,F,5,49,32.3079431830693
speciation,TEMP,F,5,16,32.3079431830693
speciation,TEMP,F,5,27,32.3079431830693
speciation,TEMP,F,5,12,32.3079431830693
speciation,TEMP,F,5,70,32.3079431830693
speciation,TEMP,F,5,20,32.3079431830693
speciation,TEMP,F,7,3,4.29546108248923
speciation,TEMP,F,7,6,4.29546108248923
speciation,TEMP,I,1,105,58.7452771768416
speciation,TEMP,I,2,5,56.2081106635523
speciation,TEMP,I,3,16,52.3482332866267
speciation,TEMP,I,4,18,48.9692858349103
speciation,TEMP,I,4,873,48.9692858349103
speciation,TEMP,I,4,15,48.9692858349103
speciation,TEMP,I,4,36,48.9692858349103
speciation,TEMP,I,4,10,48.9692858349103
speciation,TEMP,I,5,4,32.3079431830693
speciation,TEMP,I,5,22,32.3079431830693
speciation,TEMP,I,6,8,17.1015031615286
speciation,TEMP,I,6,16,17.1015031615286
speciation,TEMP,I,6,14,17.1015031615286
speciation,TEMP,I,6,27,17.1015031615286
speciation,TEMP,I,6,29,17.1015031615286
speciation,TEMP,I,6,0,17.1015031615286
speciation,TEMP,I,6,30,17.1015031615286
speciation,TEMP,I,7,4,4.29546108248923
speciation,TEMP,I,7,0,4.29546108248923
speciation,TEMP,I,7,2,4.29546108248923
speciation,TEMP,MA,1,15,58.7452771768416
speciation,TEMP,MA,2,8,56.2081106635523
speciation,TEMP,MA,2,10,56.2081106635523
speciation,TEMP,MA,3,11,52.3482332866267
speciation,TEMP,MA,4,61,48.9692858349103
speciation,TEMP,MA,5,35,32.3079431830693
speciation,TEMP,MA,5,75,32.3079431830693
speciation,TEMP,MA,6,5,17.1015031615286
speciation,TEMP,MA,7,0,4.29546108248923
speciation,TEMP,MA,7,1,4.29546108248923
speciation,TEMP,MA,7,0,4.29546108248923
speciation,TEMP,MO,4,47,48.9692858349103
speciation,TEMP,MO,5,28,32.3079431830693
speciation,TEMP,MO,5,11,32.3079431830693
speciation,TEMP,MO,6,2,17.1015031615286
speciation,TEMP,MO,6,0,17.1015031615286
speciation,TEMP,MO,7,0,4.29546108248923
speciation,TEMP,MU,2,196,56.2081106635523
speciation,TEMP,MU,3,35,52.3482332866267
speciation,TEMP,MU,3,174,52.3482332866267
speciation,TEMP,MU,4,59,48.9692858349103
speciation,TEMP,MU,6,9,17.1015031615286
speciation,TEMP,O,1,2,58.7452771768416
speciation,TEMP,O,1,16,58.7452771768416
speciation,TEMP,O,3,16,52.3482332866267
speciation,TEMP,O,3,0,52.3482332866267
speciation,TEMP,O,6,33,17.1015031615286
speciation,TEMP,O,6,37,17.1015031615286
speciation,TEMP,O,7,2,4.29546108248923
speciation,TEMP,P,2,24,56.2081106635523
speciation,TEMP,P,3,7,52.3482332866267
speciation,TEMP,P,3,4,52.3482332866267
speciation,TEMP,P,3,26,52.3482332866267
speciation,TEMP,P,3,271,52.3482332866267
speciation,TEMP,P,3,7,52.3482332866267
speciation,TEMP,P,4,30,48.9692858349103
speciation,TEMP,P,4,1,48.9692858349103
speciation,TEMP,P,4,17,48.9692858349103
speciation,TEMP,P,4,8,48.9692858349103
speciation,TEMP,P,4,13,48.9692858349103
speciation,TEMP,P,4,1,48.9692858349103
speciation,TEMP,P,5,16,32.3079431830693
speciation,TEMP,P,5,4,32.3079431830693
speciation,TEMP,P,5,1,32.3079431830693
speciation,TEMP,P,5,15,32.3079431830693
speciation,TEMP,P,5,22,32.3079431830693
speciation,TEMP,P,5,28,32.3079431830693
speciation,TEMP,P,6,6,17.1015031615286
speciation,TEMP,P,6,6,17.1015031615286
speciation,TEMP,P,6,9,17.1015031615286
speciation,TEMP,P,6,25,17.1015031615286
speciation,TEMP,P,6,18,17.1015031615286
speciation,TEMP,P,6,21,17.1015031615286
speciation,TEMP,P,6,6,17.1015031615286
speciation,TEMP,P,6,8,17.1015031615286
speciation,TEMP,P,6,1,17.1015031615286
speciation,TEMP,P,6,11,17.1015031615286
speciation,TEMP,P,6,19,17.1015031615286
speciation,TEMP,P,6,30,17.1015031615286
speciation,TEMP,P,6,9,17.1015031615286
speciation,TEMP,P,7,0,4.29546108248923
speciation,TEMP,P,7,0,4.29546108248923
speciation,TEMP,P,7,0,4.29546108248923
speciation,TEMP,P,7,14,4.29546108248923
speciation,TEMP,P,7,2,4.29546108248923
speciation,TEMP,P,7,2,4.29546108248923
speciation,TEMP,P,7,1,4.29546108248923
speciation,TEMP,P,7,5,4.29546108248923
speciation,TEMP,P,7,3,4.29546108248923
speciation,TEMP,P,7,6,4.29546108248923
speciation,TEMP,P,7,3,4.29546108248923
speciation,TEMP,P,7,5,4.29546108248923
speciation,TEMP,P,7,10,4.29546108248923
speciation,TEMP,P,7,1,4.29546108248923
speciation,TEMP,P,7,2,4.29546108248923
speciation,TEMP,P,7,17,4.29546108248923
speciation,TEMP,R,5,17,32.3079431830693
speciation,TEMP,R,5,2,32.3079431830693
speciation,TEMP,R,7,1,4.29546108248923
speciation,TEMP,R,7,1,4.29546108248923
speciation,TROP,AM,5,34,32.3079431830693
speciation,TROP,AM,5,55,32.3079431830693
speciation,TROP,AM,6,3,17.1015031615286
speciation,TROP,AM,6,36,17.1015031615286
speciation,TROP,AM,7,1,4.29546108248923
speciation,TROP,B,1,17,58.7452771768416
speciation,TROP,B,5,30,32.3079431830693
speciation,TROP,B,5,30,32.3079431830693
speciation,TROP,B,5,27,32.3079431830693
speciation,TROP,B,5,41,32.3079431830693
speciation,TROP,B,6,38,17.1015031615286
speciation,TROP,B,6,17,17.1015031615286
speciation,TROP,B,6,31,17.1015031615286
speciation,TROP,B,6,33,17.1015031615286
speciation,TROP,B,6,39,17.1015031615286
speciation,TROP,B,7,4,4.29546108248923
speciation,TROP,F,2,199,56.2081106635523
speciation,TROP,F,2,41,56.2081106635523
speciation,TROP,F,2,5,56.2081106635523
speciation,TROP,F,3,96,52.3482332866267
speciation,TROP,F,3,75,52.3482332866267
speciation,TROP,F,4,27,48.9692858349103
speciation,TROP,F,5,10,32.3079431830693
speciation,TROP,F,5,30,32.3079431830693
speciation,TROP,F,5,15,32.3079431830693
speciation,TROP,F,6,11,17.1015031615286
speciation,TROP,F,6,5,17.1015031615286
speciation,TROP,F,6,28,17.1015031615286
speciation,TROP,F,6,4,17.1015031615286
speciation,TROP,F,6,34,17.1015031615286
speciation,TROP,I,4,99,48.9692858349103
speciation,TROP,I,4,19,48.9692858349103
speciation,TROP,I,4,66,48.9692858349103
speciation,TROP,I,5,26,32.3079431830693
speciation,TROP,I,5,5,32.3079431830693
speciation,TROP,I,5,64,32.3079431830693
speciation,TROP,I,6,4,17.1015031615286
speciation,TROP,I,7,4,4.29546108248923
speciation,TROP,I,7,0,4.29546108248923
speciation,TROP,MA,1,23,58.7452771768416
speciation,TROP,MA,2,21,56.2081106635523
speciation,TROP,MA,4,23,48.9692858349103
speciation,TROP,MA,4,31,48.9692858349103
speciation,TROP,MA,5,75,32.3079431830693
speciation,TROP,MO,3,212,52.3482332866267
speciation,TROP,MO,4,175,48.9692858349103
speciation,TROP,MO,6,11,17.1015031615286
speciation,TROP,MU,6,11,17.1015031615286
speciation,TROP,MU,7,0,4.29546108248923
speciation,TROP,O,3,23,52.3482332866267
speciation,TROP,O,6,2,17.1015031615286
speciation,TROP,P,1,38,58.7452771768416
speciation,TROP,P,4,7,48.9692858349103
speciation,TROP,P,4,62,48.9692858349103
speciation,TROP,P,5,28,32.3079431830693
speciation,TROP,P,5,12,32.3079431830693
speciation,TROP,P,5,37,32.3079431830693
speciation,TROP,P,6,10,17.1015031615286
speciation,TROP,P,6,30,17.1015031615286
speciation,TROP,P,6,6,17.1015031615286
speciation,TROP,P,7,2,4.29546108248923
speciation,TROP,R,2,29,56.2081106635523
speciation,TROP,R,3,33,52.3482332866267
speciation,TROP,R,3,25,52.3482332866267
speciation,TROP,R,4,42,48.9692858349103
speciation,TROP,R,5,52,32.3079431830693
speciation,TROP,R,5,30,32.3079431830693
speciation,TROP,R,6,7,17.1015031615286
speciation,TROP,R,7,0,4.29546108248923
